-- MySQL dump 10.13  Distrib 8.0.18, for Win64 (x86_64)
--
-- Host: localhost    Database: my_vk
-- ------------------------------------------------------
-- Server version	8.0.18

/*!40101 SET @OLD_CHARACTER_SET_CLIENT=@@CHARACTER_SET_CLIENT */;
/*!40101 SET @OLD_CHARACTER_SET_RESULTS=@@CHARACTER_SET_RESULTS */;
/*!40101 SET @OLD_COLLATION_CONNECTION=@@COLLATION_CONNECTION */;
/*!50503 SET NAMES utf8mb4 */;
/*!40103 SET @OLD_TIME_ZONE=@@TIME_ZONE */;
/*!40103 SET TIME_ZONE='+00:00' */;
/*!40014 SET @OLD_UNIQUE_CHECKS=@@UNIQUE_CHECKS, UNIQUE_CHECKS=0 */;
/*!40014 SET @OLD_FOREIGN_KEY_CHECKS=@@FOREIGN_KEY_CHECKS, FOREIGN_KEY_CHECKS=0 */;
/*!40101 SET @OLD_SQL_MODE=@@SQL_MODE, SQL_MODE='NO_AUTO_VALUE_ON_ZERO' */;
/*!40111 SET @OLD_SQL_NOTES=@@SQL_NOTES, SQL_NOTES=0 */;

--
-- Table structure for table `communities`
--

DROP TABLE IF EXISTS `communities`;
/*!40101 SET @saved_cs_client     = @@character_set_client */;
/*!50503 SET character_set_client = utf8mb4 */;
CREATE TABLE `communities` (
  `id` bigint(20) unsigned NOT NULL AUTO_INCREMENT,
  `name` varchar(255) CHARACTER SET utf8 COLLATE utf8_unicode_ci DEFAULT NULL,
  PRIMARY KEY (`id`),
  KEY `name` (`name`)
) ENGINE=InnoDB AUTO_INCREMENT=101 DEFAULT CHARSET=utf8 COLLATE=utf8_unicode_ci;
/*!40101 SET character_set_client = @saved_cs_client */;

--
-- Dumping data for table `communities`
--

LOCK TABLES `communities` WRITE;
/*!40000 ALTER TABLE `communities` DISABLE KEYS */;
INSERT INTO `communities` VALUES (69,'a'),(96,'accusamus'),(20,'adipisci'),(19,'aliquid'),(75,'animi'),(76,'at'),(84,'at'),(18,'atque'),(40,'atque'),(36,'aut'),(43,'autem'),(90,'blanditiis'),(16,'commodi'),(23,'commodi'),(68,'consequatur'),(81,'consequatur'),(48,'cumque'),(77,'delectus'),(32,'distinctio'),(25,'dolor'),(55,'dolorem'),(49,'dolorum'),(93,'ea'),(12,'eaque'),(58,'et'),(60,'et'),(82,'et'),(88,'et'),(89,'et'),(28,'eum'),(11,'eveniet'),(71,'ex'),(72,'excepturi'),(98,'exercitationem'),(14,'id'),(37,'id'),(73,'id'),(54,'illo'),(62,'incidunt'),(67,'inventore'),(26,'ipsa'),(13,'iste'),(63,'itaque'),(15,'labore'),(41,'laboriosam'),(27,'minus'),(80,'minus'),(29,'modi'),(79,'modi'),(33,'molestiae'),(8,'mollitia'),(2,'necessitatibus'),(65,'nemo'),(70,'neque'),(5,'nobis'),(50,'non'),(10,'omnis'),(22,'omnis'),(66,'pariatur'),(56,'perferendis'),(44,'porro'),(17,'possimus'),(61,'praesentium'),(86,'provident'),(31,'quae'),(74,'quae'),(3,'qui'),(85,'qui'),(97,'qui'),(57,'quia'),(64,'quia'),(95,'quibusdam'),(92,'quidem'),(24,'quis'),(30,'quis'),(39,'quod'),(21,'ratione'),(87,'ratione'),(59,'rerum'),(52,'saepe'),(38,'sapiente'),(46,'sed'),(51,'soluta'),(47,'tempora'),(9,'temporibus'),(6,'tenetur'),(100,'totam'),(1,'ut'),(78,'ut'),(94,'ut'),(4,'vel'),(35,'vel'),(53,'vel'),(83,'vel'),(7,'veniam'),(45,'veniam'),(99,'veritatis'),(91,'vero'),(42,'vitae'),(34,'voluptatem');
/*!40000 ALTER TABLE `communities` ENABLE KEYS */;
UNLOCK TABLES;

--
-- Table structure for table `friend_requests`
--

DROP TABLE IF EXISTS `friend_requests`;
/*!40101 SET @saved_cs_client     = @@character_set_client */;
/*!50503 SET character_set_client = utf8mb4 */;
CREATE TABLE `friend_requests` (
  `initiator_user_id` bigint(20) unsigned NOT NULL,
  `target_user_id` bigint(20) unsigned NOT NULL,
  `status` enum('requested','approved','unfriended','declined') CHARACTER SET utf8 COLLATE utf8_unicode_ci DEFAULT NULL,
  `created_at` datetime DEFAULT CURRENT_TIMESTAMP,
  `updated_at` datetime DEFAULT NULL ON UPDATE CURRENT_TIMESTAMP,
  PRIMARY KEY (`initiator_user_id`,`target_user_id`),
  KEY `initiator_user_id` (`initiator_user_id`),
  KEY `target_user_id` (`target_user_id`),
  CONSTRAINT `friend_requests_ibfk_1` FOREIGN KEY (`initiator_user_id`) REFERENCES `users` (`id`),
  CONSTRAINT `friend_requests_ibfk_2` FOREIGN KEY (`target_user_id`) REFERENCES `users` (`id`)
) ENGINE=InnoDB DEFAULT CHARSET=utf8 COLLATE=utf8_unicode_ci;
/*!40101 SET character_set_client = @saved_cs_client */;

--
-- Dumping data for table `friend_requests`
--

LOCK TABLES `friend_requests` WRITE;
/*!40000 ALTER TABLE `friend_requests` DISABLE KEYS */;
INSERT INTO `friend_requests` VALUES (1,1,'declined','1982-11-18 17:52:24','1991-04-22 22:26:48'),(2,2,'declined','2005-07-13 18:57:03','1994-12-23 18:55:23'),(3,3,'approved','1971-01-05 00:35:19','2008-11-11 03:01:45'),(4,4,'requested','2001-02-08 17:01:29','2004-09-12 03:53:29'),(5,5,'unfriended','1984-03-30 21:38:27','1993-06-30 22:33:24'),(6,6,'approved','1981-07-12 04:03:49','2003-11-22 21:08:00'),(7,7,'declined','1996-05-05 03:15:49','2013-11-01 15:36:40'),(8,8,'requested','2016-06-22 23:34:20','1971-03-19 20:41:32'),(9,9,'approved','2002-06-03 13:01:03','1978-11-08 03:50:36'),(10,10,'approved','2000-07-12 17:27:16','2009-12-23 18:02:01'),(11,11,'approved','1981-09-16 04:16:33','1998-08-25 06:25:06'),(12,12,'declined','1990-03-18 10:12:00','1994-05-25 08:05:53'),(13,13,'approved','2003-04-08 17:38:38','2018-05-22 00:15:12'),(14,14,'requested','1971-05-29 02:32:50','1979-11-04 09:45:05'),(15,15,'approved','1976-04-26 04:14:20','1988-06-11 17:49:07'),(16,16,'declined','1983-08-10 01:20:44','1988-06-09 19:02:58'),(17,17,'requested','2005-07-16 17:21:49','1974-11-21 05:32:59'),(18,18,'unfriended','2015-08-10 21:25:57','2012-09-12 23:31:04'),(19,19,'declined','2011-04-27 21:12:59','2012-12-05 12:47:29'),(20,20,'declined','2004-11-19 17:13:29','1993-03-08 21:26:39'),(21,21,'declined','1976-08-07 09:25:58','2009-10-06 12:09:22'),(22,22,'unfriended','2001-09-24 21:38:39','1981-02-20 02:11:22'),(23,23,'requested','2002-02-28 00:18:12','1974-12-25 03:09:26'),(24,24,'unfriended','1994-01-20 23:19:37','1999-07-25 04:54:48'),(25,25,'requested','1998-08-13 19:10:27','2004-04-24 08:01:18'),(26,26,'requested','2004-12-22 19:55:49','2011-07-11 23:31:30'),(27,27,'unfriended','2017-11-23 13:49:44','2014-12-01 21:54:27'),(28,28,'unfriended','1972-07-20 04:57:18','1971-12-26 14:14:09'),(29,29,'approved','2018-06-23 01:19:19','1978-09-29 08:26:06'),(30,30,'approved','2014-08-07 20:29:58','2012-11-21 12:20:26'),(31,31,'approved','1981-11-02 19:13:52','1990-03-16 02:58:05'),(32,32,'declined','1978-05-15 21:09:13','2007-01-15 08:06:44'),(33,33,'declined','1978-07-30 06:53:42','2016-08-11 07:48:16'),(34,34,'declined','2008-12-27 16:00:57','2017-08-21 11:35:53'),(35,35,'declined','2002-07-13 17:51:22','2016-08-10 13:01:49'),(36,36,'unfriended','1989-10-12 09:18:33','1981-10-27 13:45:43'),(37,37,'approved','1982-03-08 05:51:40','2005-03-11 23:45:28'),(38,38,'unfriended','1979-09-19 03:02:00','1998-03-04 02:49:49'),(39,39,'approved','1978-02-28 18:20:20','1981-03-08 20:57:23'),(40,40,'requested','1972-05-01 17:34:31','2000-09-10 04:09:09'),(41,41,'requested','1998-10-12 17:14:30','1997-09-20 01:09:57'),(42,42,'requested','2014-08-03 06:34:15','2016-01-25 10:17:34'),(43,43,'unfriended','2004-01-11 00:17:45','2000-04-28 03:17:31'),(44,44,'requested','1977-01-02 22:13:59','1988-01-11 03:15:46'),(45,45,'unfriended','1981-06-03 16:39:57','1972-06-21 07:05:35'),(46,46,'approved','1978-04-16 16:14:27','1981-01-18 12:57:18'),(47,47,'requested','1985-08-05 00:36:05','2005-11-12 12:08:05'),(48,48,'requested','1996-08-06 17:28:37','2015-08-08 11:37:55'),(49,49,'approved','2009-05-02 15:32:27','1993-03-14 21:03:52'),(50,50,'approved','1977-09-26 16:27:36','1999-08-03 19:10:37'),(51,51,'declined','1985-06-23 05:15:13','1995-10-31 13:20:03'),(52,52,'approved','1990-08-07 18:53:57','1988-07-11 03:26:25'),(53,53,'declined','1974-12-04 17:56:31','1994-03-24 21:44:48'),(54,54,'unfriended','1985-12-27 19:01:19','1989-01-26 09:34:44'),(55,55,'unfriended','1999-05-14 15:51:54','2000-03-26 05:29:29'),(56,56,'requested','2010-04-08 11:07:17','2006-05-28 09:39:36'),(57,57,'requested','1971-05-17 06:35:23','2013-09-24 19:01:35'),(58,58,'approved','2017-01-20 15:01:31','1979-11-18 18:17:41'),(59,59,'approved','2019-06-13 23:17:29','1973-10-31 23:21:32'),(60,60,'unfriended','2003-06-19 19:15:51','1977-10-03 19:31:09'),(61,61,'requested','1992-11-28 18:37:01','1992-02-28 08:10:53'),(62,62,'approved','1974-11-22 19:19:32','1984-01-03 08:01:53'),(63,63,'approved','1987-11-10 20:46:13','1981-05-27 17:04:46'),(64,64,'unfriended','1972-01-07 09:04:37','1982-07-27 07:39:13'),(65,65,'declined','2016-09-07 22:16:04','1973-07-14 06:49:52'),(66,66,'approved','2007-06-15 03:47:52','2012-06-30 10:42:02'),(67,67,'unfriended','2004-07-15 03:02:26','1972-11-12 11:10:45'),(68,68,'requested','1977-09-18 17:32:05','2012-01-16 15:54:37'),(69,69,'unfriended','1971-12-10 09:29:37','1995-07-22 08:06:27'),(70,70,'declined','2016-05-05 09:36:09','1992-02-01 07:49:15'),(71,71,'unfriended','1975-08-08 06:15:07','2009-12-24 23:28:11'),(72,72,'unfriended','1980-08-20 01:54:27','1995-06-22 11:09:31'),(73,73,'unfriended','1983-08-30 16:26:28','2001-12-02 04:07:58'),(74,74,'approved','2006-03-03 17:41:27','2019-10-08 14:48:23'),(75,75,'declined','1991-06-13 10:02:11','1977-05-28 05:12:28'),(76,76,'approved','1976-10-20 03:13:31','1999-07-17 12:54:20'),(77,77,'approved','2007-02-03 16:54:51','1971-05-02 05:51:22'),(78,78,'approved','2010-10-02 04:47:35','2013-08-27 03:10:54'),(79,79,'approved','1974-07-29 14:33:18','2000-02-23 15:45:03'),(80,80,'declined','1991-03-01 08:10:24','2006-01-28 13:12:58'),(81,81,'requested','1978-01-04 23:56:21','2009-01-22 05:02:15'),(82,82,'requested','2007-11-11 00:32:56','2013-02-13 13:17:19'),(83,83,'declined','2006-08-24 13:08:24','2000-05-29 13:43:41'),(84,84,'declined','1992-07-06 01:42:31','1977-01-01 18:11:33'),(85,85,'requested','2006-11-05 06:58:49','1986-01-07 09:10:38'),(86,86,'approved','2008-07-26 00:08:50','1983-10-24 08:55:06'),(87,87,'requested','1991-01-05 23:18:11','2011-05-11 13:48:45'),(88,88,'approved','1979-07-28 08:47:21','1984-06-09 09:16:34'),(89,89,'unfriended','1982-09-29 12:14:28','1997-02-23 03:30:12'),(90,90,'approved','1978-06-05 16:13:58','2013-07-21 14:43:54'),(91,91,'unfriended','1971-09-05 00:25:40','1983-11-18 02:35:06'),(92,92,'unfriended','2005-08-02 12:04:52','1977-01-16 18:23:33'),(93,93,'declined','1977-12-01 10:53:58','1973-12-31 20:40:40'),(94,94,'requested','1971-03-10 01:09:49','2015-05-13 03:26:05'),(95,95,'unfriended','2015-12-15 21:19:13','1996-07-31 16:25:55'),(96,96,'declined','2007-03-03 10:56:53','2014-10-20 00:07:03'),(97,97,'requested','1974-03-25 05:12:05','2001-08-13 05:13:37'),(98,98,'requested','1995-06-25 23:23:08','2000-03-30 14:32:23'),(99,99,'requested','1981-04-04 05:25:58','2015-11-04 21:00:06'),(100,100,'approved','2013-03-26 03:31:02','1977-03-24 06:55:39');
/*!40000 ALTER TABLE `friend_requests` ENABLE KEYS */;
UNLOCK TABLES;

--
-- Table structure for table `likes`
--

DROP TABLE IF EXISTS `likes`;
/*!40101 SET @saved_cs_client     = @@character_set_client */;
/*!50503 SET character_set_client = utf8mb4 */;
CREATE TABLE `likes` (
  `id` bigint(20) unsigned NOT NULL AUTO_INCREMENT,
  `media_id` bigint(20) unsigned DEFAULT NULL,
  `user_id` bigint(20) unsigned NOT NULL,
  `created_at` datetime DEFAULT CURRENT_TIMESTAMP,
  PRIMARY KEY (`id`),
  KEY `media_id` (`media_id`),
  KEY `user_id` (`user_id`),
  CONSTRAINT `likes_ibfk_1` FOREIGN KEY (`media_id`) REFERENCES `media` (`id`),
  CONSTRAINT `likes_ibfk_2` FOREIGN KEY (`user_id`) REFERENCES `users` (`id`)
) ENGINE=InnoDB AUTO_INCREMENT=101 DEFAULT CHARSET=utf8 COLLATE=utf8_unicode_ci;
/*!40101 SET character_set_client = @saved_cs_client */;

--
-- Dumping data for table `likes`
--

LOCK TABLES `likes` WRITE;
/*!40000 ALTER TABLE `likes` DISABLE KEYS */;
INSERT INTO `likes` VALUES (1,1,1,'2001-10-15 13:52:35'),(2,1,2,'1984-07-29 19:26:26'),(3,3,3,'2002-08-16 13:38:27'),(4,4,4,'1979-10-05 05:33:42'),(5,5,5,'1992-09-17 19:03:58'),(6,6,6,'2012-01-24 17:17:38'),(7,7,7,'1989-12-25 10:06:13'),(8,8,8,'1975-12-22 15:47:42'),(9,9,9,'1971-10-03 23:54:01'),(10,10,10,'2005-05-18 12:27:53'),(11,11,11,'2013-03-02 05:59:24'),(12,12,12,'1972-12-27 08:09:26'),(13,13,13,'1999-01-24 06:56:13'),(14,14,14,'1972-12-01 17:39:29'),(15,15,15,'2012-12-30 13:20:24'),(16,16,16,'2019-10-22 13:32:50'),(17,17,17,'2008-06-19 16:58:52'),(18,18,18,'2011-04-21 23:20:22'),(19,19,19,'2016-02-08 12:48:48'),(20,20,20,'2012-11-27 21:38:51'),(21,21,21,'2015-03-28 06:49:21'),(22,22,22,'2010-08-28 09:31:03'),(23,23,23,'1979-03-22 10:52:51'),(24,24,24,'1975-10-16 02:54:54'),(25,25,25,'1993-04-04 14:46:24'),(26,26,26,'1999-01-13 00:57:19'),(27,27,27,'1973-12-07 12:38:21'),(28,28,28,'2001-07-01 08:13:37'),(29,29,29,'2017-04-27 11:34:50'),(30,30,30,'1973-11-21 02:12:35'),(31,31,31,'1974-11-14 15:11:40'),(32,32,32,'1994-01-19 12:08:11'),(33,33,33,'2000-05-27 13:54:40'),(34,34,34,'1980-10-12 19:48:27'),(35,35,35,'1996-04-13 12:50:27'),(36,36,36,'2013-11-28 03:03:12'),(37,37,37,'1972-02-19 19:35:40'),(38,38,38,'2013-08-24 13:54:04'),(39,39,39,'2002-10-25 02:56:47'),(40,40,40,'2004-09-21 15:01:12'),(41,41,41,'1998-07-09 20:06:50'),(42,42,42,'1994-07-25 00:14:52'),(43,43,43,'2003-07-12 10:15:30'),(44,44,44,'2012-06-03 05:34:59'),(45,45,45,'1983-07-20 14:44:03'),(46,46,46,'1997-11-16 12:07:04'),(47,47,47,'2003-04-12 06:25:13'),(48,48,48,'2015-12-22 21:57:01'),(49,49,49,'1988-02-13 11:44:15'),(50,50,50,'2016-08-15 06:00:39'),(51,51,51,'1992-11-02 17:36:41'),(52,52,52,'2008-09-20 12:06:12'),(53,53,53,'1980-05-18 14:25:36'),(54,54,54,'2014-04-28 19:36:30'),(55,55,55,'2017-03-03 07:59:47'),(56,56,56,'1979-08-04 18:45:12'),(57,57,57,'2002-11-10 12:42:40'),(58,58,58,'1999-05-28 06:57:36'),(59,59,59,'2010-10-24 21:37:20'),(60,60,60,'1992-09-21 20:21:19'),(61,61,61,'2007-04-01 10:18:49'),(62,62,62,'1973-06-10 00:12:22'),(63,63,63,'1973-09-06 20:59:46'),(64,64,64,'2006-06-25 01:00:42'),(65,65,65,'1985-03-02 09:41:15'),(66,66,66,'1981-05-26 04:40:36'),(67,67,67,'2019-05-20 18:11:23'),(68,68,68,'2004-03-05 11:27:41'),(69,69,69,'1978-10-05 03:31:15'),(70,70,70,'1991-06-11 10:02:49'),(71,71,71,'1999-03-31 15:33:33'),(72,72,72,'2000-08-12 13:26:04'),(73,73,73,'1981-10-05 18:02:40'),(74,74,74,'2017-05-16 09:05:28'),(75,75,75,'1972-12-23 06:13:04'),(76,76,76,'1971-09-14 09:36:36'),(77,77,77,'2000-02-01 17:37:18'),(78,78,78,'1988-05-26 04:30:17'),(79,79,79,'2014-04-24 09:24:29'),(80,80,80,'2013-01-05 01:27:09'),(81,81,81,'1983-06-19 19:51:04'),(82,82,82,'2017-08-29 06:47:41'),(83,83,83,'1989-01-04 17:03:16'),(84,84,84,'1986-05-21 07:44:50'),(85,85,85,'1995-07-30 08:21:44'),(86,86,86,'1990-09-22 10:37:24'),(87,87,87,'1992-02-21 11:01:01'),(88,88,88,'1979-07-01 19:14:54'),(89,89,89,'1970-05-24 23:37:33'),(90,90,90,'1971-10-28 15:25:40'),(91,91,91,'1970-11-12 08:25:04'),(92,92,92,'2016-10-18 14:58:10'),(93,93,93,'2010-03-05 05:34:05'),(94,94,94,'1994-02-06 15:41:33'),(95,95,95,'2003-11-18 04:24:30'),(96,96,96,'2015-06-10 11:18:24'),(97,97,97,'1970-11-19 05:09:22'),(98,98,98,'1992-06-24 03:29:06'),(99,99,99,'1988-06-07 22:49:39'),(100,100,100,'1976-11-12 23:30:18');
/*!40000 ALTER TABLE `likes` ENABLE KEYS */;
UNLOCK TABLES;

--
-- Table structure for table `media`
--

DROP TABLE IF EXISTS `media`;
/*!40101 SET @saved_cs_client     = @@character_set_client */;
/*!50503 SET character_set_client = utf8mb4 */;
CREATE TABLE `media` (
  `id` bigint(20) unsigned NOT NULL AUTO_INCREMENT,
  `media_type_id` bigint(20) unsigned NOT NULL,
  `user_id` bigint(20) unsigned NOT NULL,
  `body` text CHARACTER SET utf8 COLLATE utf8_unicode_ci,
  `filename` varchar(255) CHARACTER SET utf8 COLLATE utf8_unicode_ci DEFAULT NULL,
  `file_size` int(11) DEFAULT NULL,
  `metadata` longtext CHARACTER SET utf8mb4 COLLATE utf8mb4_bin,
  `created_at` datetime DEFAULT CURRENT_TIMESTAMP,
  `updated_at` datetime DEFAULT NULL,
  PRIMARY KEY (`id`),
  KEY `media_type_id` (`media_type_id`),
  KEY `user_id` (`user_id`),
  CONSTRAINT `media_ibfk_1` FOREIGN KEY (`media_type_id`) REFERENCES `media_types` (`id`),
  CONSTRAINT `media_ibfk_2` FOREIGN KEY (`user_id`) REFERENCES `users` (`id`)
) ENGINE=InnoDB AUTO_INCREMENT=101 DEFAULT CHARSET=utf8 COLLATE=utf8_unicode_ci;
/*!40101 SET character_set_client = @saved_cs_client */;

--
-- Dumping data for table `media`
--

LOCK TABLES `media` WRITE;
/*!40000 ALTER TABLE `media` DISABLE KEYS */;
INSERT INTO `media` VALUES (1,1,1,'Expedita deleniti officiis aliquam ullam qui repellat. Ex numquam pariatur et qui et. Et ex corporis adipisci consequatur dolorem. Aut ea iste rerum distinctio nesciunt id.','commodi',322170437,NULL,'2015-07-03 04:48:54','2009-07-07 19:43:41'),(2,2,2,'Mollitia itaque nulla est esse in ut sint quia. Perspiciatis iste et est nemo consequatur et aut. Ratione porro voluptatem et eligendi accusamus aut consequatur.','fugit',0,NULL,'1996-11-16 03:41:44','1977-02-19 07:08:52'),(3,3,3,'Earum perferendis ut quod itaque quo. Quam culpa veritatis quas voluptas ea enim rem. Pariatur iure unde aut officiis ea maxime. Sint pariatur maxime et sint.','voluptatem',1396,NULL,'1996-11-30 11:32:14','1982-03-18 03:51:31'),(4,4,4,'Nisi sunt voluptatem odit dolor cumque. Vel modi rerum ab perferendis repellat. Saepe accusamus voluptatem molestiae debitis voluptatem non possimus. Vero dignissimos adipisci quod ut dolorem eius. Quia velit inventore sunt ad.','nisi',11592,NULL,'1990-11-27 10:17:46','2013-04-20 21:39:46'),(5,5,5,'A laboriosam natus adipisci. Asperiores incidunt veritatis voluptatem. Ipsam eum voluptatem veniam. Eos perspiciatis repellat ratione quidem. Laboriosam omnis enim nulla quo quo dolore velit officiis.','dolores',974,NULL,'1983-11-03 14:19:34','2001-06-10 04:43:08'),(6,6,6,'Dolores numquam ad vel qui. Earum ut eum illum nam harum itaque ipsa. Et ad qui rerum.','sapiente',0,NULL,'2019-02-25 20:46:53','2006-01-03 06:34:40'),(7,7,7,'Dolorem perspiciatis vel et laudantium dolor. Odio tempora quo nisi rerum et. Quam veritatis alias quo iure. Quo esse autem libero repudiandae eum.','reiciendis',0,NULL,'2007-05-02 01:09:41','2018-01-11 18:27:36'),(8,8,8,'Nihil et earum earum magni velit et. Dolores nisi vero quidem suscipit. Eum eligendi dolores nesciunt cupiditate atque quam. Veritatis iusto amet ab ex et.','quibusdam',821554,NULL,'1983-12-12 16:09:16','1988-04-13 05:03:40'),(9,9,9,'Nulla accusamus impedit asperiores non sapiente porro omnis. Eum quisquam aut dolore error laborum laborum nobis officia. Saepe ipsum sit tempore est. Vitae blanditiis vel similique enim veritatis a id.','minus',724379,NULL,'2016-08-06 12:26:29','1970-12-28 17:49:00'),(10,10,10,'Fugiat id unde veniam numquam. Perferendis aliquam asperiores laboriosam commodi. Quaerat sit ducimus maiores optio nobis aspernatur non. Praesentium tempora et recusandae rem deleniti dolor ut iste.','possimus',0,NULL,'2009-10-29 15:53:00','2007-08-02 23:45:13'),(11,11,11,'Sunt quia maxime vitae vel. Omnis et vel dolores rerum. Ipsum sed fugiat quas debitis laborum sapiente quia. Sit est sed eos laudantium.','neque',4725194,NULL,'1990-07-13 03:08:59','1999-08-20 05:05:45'),(12,12,12,'Quia repellat eligendi sed impedit et tenetur aut. Repellendus optio et porro quidem. Fugit qui et voluptatem et eligendi.','quia',8,NULL,'2015-07-07 11:45:19','1982-02-18 13:09:23'),(13,13,13,'Qui nihil sit aspernatur veniam necessitatibus explicabo voluptatum. Odio quas officia nihil quod ut. Est distinctio quia voluptas. Sed consequatur quibusdam earum corrupti.','praesentium',651060201,NULL,'2002-10-26 17:46:18','2008-05-12 15:29:36'),(14,14,14,'Quod voluptatibus non nesciunt in et consequatur. Non repellat cum quisquam rerum. Enim beatae molestiae rerum sapiente. Facere libero voluptates itaque explicabo neque nihil.','dolor',0,NULL,'1974-10-14 19:05:04','1993-06-30 00:36:18'),(15,15,15,'Sit nemo ullam ex dolorem sint. Numquam qui quibusdam sint sunt rerum enim aut. Architecto necessitatibus necessitatibus id dicta dicta illum enim. Consequuntur doloribus sint id laborum numquam culpa qui.','non',4716,NULL,'2002-06-26 09:20:14','2013-11-08 20:17:10'),(16,16,16,'Commodi in officiis unde. Officiis maiores ut corrupti minima. Praesentium amet excepturi unde praesentium in. Iusto commodi perferendis itaque praesentium id et libero.','quibusdam',1241435,NULL,'1972-10-07 17:27:55','1998-04-20 10:56:02'),(17,17,17,'Doloribus similique voluptatibus dicta ducimus temporibus nostrum. Non quia cumque qui. Ad corrupti aliquid cupiditate eligendi numquam eum. Harum at qui reprehenderit est sunt.','ipsa',951750941,NULL,'1996-02-20 09:14:03','2014-03-27 07:23:39'),(18,18,18,'Sit temporibus voluptatem dolor laudantium non blanditiis. Amet dolorem architecto inventore et.','est',4023831,NULL,'2009-06-30 04:52:30','1993-12-28 00:55:26'),(19,19,19,'Beatae et ex est a consequatur placeat dolor. Sit veniam non unde. Tempore animi explicabo molestiae veritatis. Deserunt quam aut qui excepturi voluptas vel.','dolores',34751176,NULL,'2007-10-27 10:44:12','1995-06-10 11:35:03'),(20,20,20,'Dolore commodi nemo quis velit. Ipsa beatae eum unde ut. Nobis qui vel non aut autem aut. Dolorum voluptate error incidunt autem accusantium.','architecto',293089445,NULL,'2010-09-25 19:36:27','1974-08-18 13:58:56'),(21,21,21,'Dolores commodi labore quasi ut qui iusto delectus. Nisi quae dolor eligendi accusantium. Velit iste totam voluptas aliquid quia.','dicta',0,NULL,'1980-03-24 04:17:46','2011-03-10 22:11:31'),(22,22,22,'At molestias nihil ut ut. Est nam enim rerum minima nihil quisquam labore sunt. Quasi velit expedita molestias corporis temporibus consequatur. Sit veritatis laborum consequatur velit.','quia',1283,NULL,'1986-02-23 12:33:20','2012-08-15 06:26:43'),(23,23,23,'Non odio debitis maiores eaque accusamus modi. Fugit porro quia officia asperiores ea aut doloremque. Quos sed officiis rerum officiis occaecati.','inventore',7,NULL,'2019-08-31 18:55:10','1976-05-20 22:38:28'),(24,24,24,'Provident ratione quos quam aut quam corrupti. Ipsam ex aut possimus quae facere nihil. Debitis praesentium corrupti rem vitae sed velit.','quas',512858870,NULL,'2004-04-27 20:33:51','2000-07-14 18:59:31'),(25,25,25,'Repudiandae provident et sunt aut est et aut. Mollitia rerum est debitis. Soluta tempore eos est. Omnis nemo provident aut minima ex.','minima',71327140,NULL,'2016-09-28 21:43:05','2008-09-04 02:38:14'),(26,26,26,'Quisquam voluptatem velit quia at quod est. Possimus ut voluptates rem animi at non. Libero dignissimos qui ex.','excepturi',412383,NULL,'1995-06-16 00:11:18','2016-04-13 07:14:38'),(27,27,27,'Ut molestias nemo et ipsum molestias qui. Mollitia autem odit tempora facere amet. Quis aliquam voluptatum quia quos officia. Velit dolores id corporis quidem.','adipisci',9,NULL,'2001-07-11 16:51:09','2019-05-13 22:31:37'),(28,28,28,'Quas corporis qui qui necessitatibus tempora. Voluptatem eos consectetur placeat optio. Ut molestiae voluptatem sed et odit quaerat. Doloremque asperiores quam voluptas.','sed',10,NULL,'1970-06-07 22:45:54','1989-08-10 21:57:54'),(29,29,29,'Aut culpa voluptas corrupti sunt. Quis molestias illo nesciunt quaerat dolores officia. At et et deserunt non quam voluptatibus.','in',107173,NULL,'1985-11-13 07:39:38','1984-06-22 01:13:18'),(30,30,30,'Repellendus a veniam rerum. Et adipisci nesciunt adipisci commodi. Quis molestiae ipsum quos voluptates.','eum',280296469,NULL,'1985-02-12 07:43:04','1974-03-26 14:54:07'),(31,31,31,'Incidunt est veritatis nihil qui iste. Libero nam enim dolores aperiam labore.','sapiente',97081,NULL,'2000-04-15 18:09:04','1984-01-14 22:46:28'),(32,32,32,'Maxime non corporis earum. Dignissimos ipsa autem autem laborum et id. Facere laudantium ab exercitationem placeat et. Veniam repudiandae expedita nobis voluptatum.','modi',706453892,NULL,'1974-04-16 21:00:41','1982-04-28 23:21:32'),(33,33,33,'Voluptatibus illo qui doloremque fugiat voluptatem repellat. Sapiente sed voluptas aperiam soluta sequi molestiae odio. Nihil asperiores et ut ipsam non.','autem',1375,NULL,'2006-12-27 19:52:02','1974-12-10 20:39:41'),(34,34,34,'Deserunt expedita enim alias hic facilis. Vel rem autem autem aspernatur. Optio ut in veniam culpa quam.','autem',6268320,NULL,'1971-04-19 02:17:17','2012-11-21 23:08:22'),(35,35,35,'Quos similique ad voluptatem esse. Mollitia sed inventore placeat laboriosam eaque. Nesciunt reiciendis minus tempora harum. Dolore rerum qui veritatis velit quo. Tempora officia sed ipsa non.','pariatur',745,NULL,'1984-05-12 20:44:03','2019-11-02 08:50:49'),(36,36,36,'Harum tempore delectus ex error consequatur odit. Neque quam nulla maxime quas temporibus ratione hic. Ut debitis est omnis at. Animi quisquam non reprehenderit exercitationem.','sint',9766,NULL,'1988-02-25 04:20:05','1985-04-15 22:02:58'),(37,37,37,'Aut sunt est delectus recusandae porro libero. Cum perspiciatis aut non provident omnis. Dolorem dignissimos vel asperiores repellat fuga nostrum magnam. Quae illo sit sit excepturi.','sit',226347457,NULL,'1982-04-01 00:44:16','1980-08-01 12:36:45'),(38,38,38,'Est esse et excepturi. Ut in deserunt aliquam aut nobis velit. Non est excepturi consequatur labore doloribus. Sapiente nobis ipsam repudiandae nam.','consequatur',1,NULL,'2015-07-29 11:03:45','2000-05-07 14:53:38'),(39,39,39,'Et eos illo natus. Voluptatum optio qui illum hic tenetur quos. Maiores cumque eaque delectus aut. Voluptates maiores sint dignissimos repudiandae consectetur quasi et. Quia repudiandae dolor dignissimos quo enim rerum quaerat.','assumenda',30374627,NULL,'1980-06-07 22:34:44','1994-02-08 16:45:50'),(40,40,40,'Aperiam perferendis nobis autem est illo ut voluptatem. Officia natus explicabo ut possimus dolorem modi. Nostrum veniam quaerat explicabo iure. Facilis molestiae vero numquam non.','possimus',10674241,NULL,'1993-03-23 15:16:27','1980-06-19 13:06:56'),(41,41,41,'Culpa numquam accusamus temporibus tempora. Sint ea numquam molestiae id ducimus dicta. Accusamus perspiciatis quia est aliquid est. Eius illo in laborum mollitia.','autem',80946,NULL,'1993-08-20 06:11:54','2004-06-10 01:26:47'),(42,42,42,'Aut repellat rerum repellat nesciunt vero nobis. Dolorem reiciendis aut quis.','quia',9070591,NULL,'1998-04-20 16:56:04','2007-01-23 12:49:11'),(43,43,43,'Et est soluta error nam harum ut quaerat. Repellendus modi sunt aut nobis ab mollitia doloremque ut. Asperiores eaque consequuntur placeat occaecati reiciendis cumque doloremque.','quae',871574431,NULL,'1990-12-04 03:40:29','1980-01-15 17:17:36'),(44,44,44,'Sit facere illo amet voluptatum nihil mollitia veritatis porro. Rerum alias molestiae pariatur est exercitationem. Architecto debitis voluptatibus perferendis omnis beatae voluptatem.','est',0,NULL,'2005-09-29 22:59:28','2004-09-07 20:23:33'),(45,45,45,'Eos aut dignissimos facere deserunt consequuntur non consequatur unde. Temporibus quia iusto ut minima.','dolorem',5658552,NULL,'2005-10-23 18:55:11','2015-01-28 22:47:18'),(46,46,46,'Aspernatur molestias ipsum voluptatibus molestias laborum error sit. Ad doloribus aspernatur culpa omnis dolor est similique alias. Asperiores a veritatis et cupiditate illum omnis.','vitae',7,NULL,'1972-07-31 08:38:13','2014-12-27 21:37:05'),(47,47,47,'Rerum voluptatem quis nihil commodi id. Eveniet inventore dolore minima hic neque eligendi qui. Molestiae unde et amet ipsam modi repellat quisquam.','assumenda',767271,NULL,'1974-07-12 19:43:17','2010-08-15 19:02:38'),(48,48,48,'Eum eveniet labore officiis ut cum qui. Possimus sequi ut dolor sed aperiam ut. Ab doloremque eius assumenda aut ut repudiandae.','doloremque',4311,NULL,'1988-10-11 15:02:43','1987-12-27 08:32:27'),(49,49,49,'Hic ratione illo vel consequatur fugit. Corrupti sit voluptatem minus qui cupiditate accusamus. Illo tempora maiores possimus itaque nisi accusantium velit. Sit suscipit qui aliquam libero qui cumque.','omnis',745,NULL,'1990-02-19 08:38:41','1980-10-09 09:47:45'),(50,50,50,'Praesentium eum debitis dolore earum voluptatem impedit fugiat doloremque. Suscipit beatae doloribus aspernatur quae. Quidem vero voluptate expedita occaecati voluptatibus odio minima.','ad',7438084,NULL,'1991-01-27 01:51:45','2003-04-06 12:29:26'),(51,51,51,'Adipisci voluptatem quis consequatur consequuntur quaerat magnam fugit. Saepe nostrum laboriosam debitis praesentium error. Maiores ducimus rerum laborum voluptas.','aut',21902321,NULL,'2008-02-11 15:48:09','1996-06-02 20:37:23'),(52,52,52,'Laboriosam natus et similique cumque qui omnis ut sint. Ratione unde autem quasi dolores velit officia nobis eius. Magnam accusamus nisi quis omnis accusamus sint quidem aut.','dolore',6,NULL,'2000-05-02 11:08:29','2014-08-10 08:03:11'),(53,53,53,'Dolore voluptas quia quo quam illo error. Ut tenetur recusandae ratione magni beatae.','voluptatibus',8766,NULL,'1973-05-19 14:18:31','2017-02-13 09:15:33'),(54,54,54,'Libero aperiam ut facere et qui vitae quaerat. Qui earum error ea amet laudantium accusantium. Consequatur eius ut natus quae dolores repudiandae ut. Saepe cupiditate voluptates exercitationem ut unde.','dolores',9347,NULL,'2007-07-06 14:35:28','1997-10-05 09:34:18'),(55,55,55,'Nam dolor facilis qui molestias aut in culpa nihil. Maxime dolorum quo quam voluptas qui maxime aperiam. Exercitationem quo est et voluptas.','reiciendis',63,NULL,'2007-05-29 02:39:49','2006-12-02 20:46:37'),(56,56,56,'Et minima recusandae id dolorum repellat. Ex dolor quia ullam blanditiis. Laborum omnis maxime molestiae velit impedit rerum blanditiis asperiores. Porro molestias eos earum veritatis rerum neque.','beatae',740698,NULL,'1984-07-26 03:32:09','2014-07-24 23:04:41'),(57,57,57,'Necessitatibus cupiditate error quia et modi repudiandae. Corporis maxime molestias aperiam culpa dolorem aperiam quibusdam. Iusto voluptatem ut laudantium id. Recusandae itaque est laboriosam est.','omnis',514,NULL,'2008-05-09 05:31:03','1984-04-02 02:45:58'),(58,58,58,'Molestiae qui voluptatem et vel asperiores sed et. Qui in voluptas omnis fugit quam. Maiores asperiores dolor quidem aut vel ratione libero.','consequatur',961819,NULL,'1998-02-20 02:22:22','1985-01-06 10:52:37'),(59,59,59,'Reiciendis asperiores quia sint expedita voluptas perferendis accusantium. Cum impedit soluta molestiae est maxime. Fugiat et veniam labore saepe ab ut laboriosam.','maiores',572820,NULL,'1976-08-20 06:57:01','2011-01-10 08:27:17'),(60,60,60,'Distinctio magni illo consectetur placeat. Atque fugit praesentium quis. Alias rem ea odio ea. Quae quis quis explicabo ut qui ducimus.','veniam',909,NULL,'1974-07-18 02:38:20','2003-05-13 08:17:41'),(61,61,61,'Neque voluptatibus est cum animi. Et non necessitatibus molestiae. Ullam mollitia quae voluptatem vel alias. Perspiciatis quia omnis quia quisquam.','aliquid',7,NULL,'1975-05-16 08:49:57','1996-04-26 00:55:11'),(62,62,62,'Eligendi non iste sequi impedit repellendus. Eius molestiae a quidem esse in. Fuga omnis quis iure atque quis. Quibusdam quasi vel totam quidem qui.','alias',12012689,NULL,'2010-09-21 21:23:43','2003-06-30 17:58:45'),(63,63,63,'Accusantium harum vero corporis ipsam cum. Voluptas dolorem sunt asperiores tempore aut fugit et. Dolores expedita et officiis qui. Nesciunt quasi excepturi occaecati et quia vitae provident.','distinctio',32415,NULL,'2011-11-23 14:56:04','2003-05-31 19:45:43'),(64,64,64,'Id nihil excepturi placeat et est aliquid officia. Quibusdam ut incidunt expedita omnis amet non. Sed neque et molestias ut et molestias. Sint unde hic qui inventore qui.','consequatur',554642675,NULL,'2010-11-22 21:37:23','1992-04-15 13:44:20'),(65,65,65,'Quia dignissimos sunt sed. Voluptatum nisi consequatur magnam dolores perferendis. Quos vel officia magni quaerat. Maxime sed tempora ullam laborum voluptatem cumque.','quo',9922986,NULL,'2016-04-03 04:32:31','2003-09-10 04:19:07'),(66,66,66,'Fugit sint ut qui qui explicabo et. Est velit sed suscipit ducimus ipsum eos. Cupiditate et veritatis et eius quia. Facere eveniet praesentium et.','tempora',40,NULL,'2002-03-20 09:32:14','1972-01-30 00:22:00'),(67,67,67,'Sed inventore animi magni sit similique. Temporibus culpa facilis cum distinctio. Voluptas quia rem voluptatem molestias aut laborum.','fugiat',25135069,NULL,'1979-06-18 23:37:05','2017-07-10 10:25:30'),(68,68,68,'Nihil dolor rerum corrupti atque cum vel amet. Quo at eos voluptatem soluta velit quaerat. Exercitationem deserunt non assumenda eius quo. Eum aperiam aspernatur libero eaque.','harum',993,NULL,'1998-02-17 23:27:11','2001-04-14 06:02:50'),(69,69,69,'Nostrum ut nihil illum quisquam rem adipisci. Soluta ut tempora voluptatem facere voluptatem asperiores amet. Sed qui inventore voluptatem accusamus quidem. Reiciendis repudiandae blanditiis voluptas rerum omnis.','et',9399,NULL,'1983-12-17 07:47:30','2010-03-29 19:51:42'),(70,70,70,'Ut sunt vel ea debitis necessitatibus. Quibusdam debitis similique eveniet quo. Sunt facere rem ipsum et. Non praesentium voluptas aliquam.','architecto',128249,NULL,'1998-10-04 06:35:28','2012-07-11 14:57:17'),(71,71,71,'Voluptas tenetur consequatur non officia saepe eligendi hic adipisci. Eum assumenda a rem dolor quis. Quos sit sunt dignissimos sint ea exercitationem voluptatem alias. Possimus aut earum aut ut aliquid. Voluptatem adipisci ab qui eos velit.','et',61013,NULL,'1971-01-09 06:58:39','1978-01-28 17:51:21'),(72,72,72,'In quaerat sint ullam cum. Voluptas aut quis dolorem quia. Placeat rerum illo dolore et dolores.','in',66,NULL,'2013-05-15 22:12:31','2019-03-13 10:28:03'),(73,73,73,'Aut eaque enim expedita a error in tempora. Harum aut non amet rem. Animi maxime doloremque non error. Laudantium qui eos id.','qui',2538780,NULL,'1986-11-08 05:22:57','2009-10-08 19:57:43'),(74,74,74,'Non aut aut odit est non quia. Consequatur doloremque hic et qui. Nobis odit quasi ab vitae veritatis consectetur officiis. Dolor unde explicabo corporis numquam officiis sequi. Tempora quaerat eveniet quo est aperiam consequatur numquam.','voluptatum',50487,NULL,'1971-02-07 05:00:26','1995-08-22 20:12:58'),(75,75,75,'Repellendus nam sint magni explicabo autem. Odio eligendi placeat inventore molestiae magnam voluptatem voluptate. Autem ad hic rerum.','quo',53,NULL,'2009-03-17 08:31:21','2018-07-03 09:11:14'),(76,76,76,'Qui ipsum molestias omnis corporis repudiandae ipsa consequatur. Nulla molestias amet eos omnis. Officia quisquam ut rerum. Tenetur hic eos deserunt earum qui.','dolorum',24607,NULL,'1998-06-20 02:49:20','1978-05-10 18:47:02'),(77,77,77,'Voluptas numquam ratione asperiores vel omnis ipsam voluptatem. Consequuntur neque hic dolor odit repellendus. Ut omnis aspernatur in id.','dolorem',79,NULL,'1991-07-03 03:28:32','2000-05-22 14:01:01'),(78,78,78,'Dolor ex ut voluptas voluptatum. Voluptatem hic quo asperiores est. Rem omnis consequatur reiciendis architecto. Sit quia aut et quasi aspernatur minima est consequatur.','non',323367034,NULL,'1992-01-10 07:25:55','1977-11-05 00:57:13'),(79,79,79,'Veritatis ipsa mollitia architecto ut laudantium dolorum ut. Quaerat harum rerum modi dolor quisquam incidunt. Voluptatem repellendus officiis alias consectetur non accusantium minus.','id',524670,NULL,'2015-02-25 05:05:28','1983-05-22 19:28:33'),(80,80,80,'Voluptate omnis quod et velit ea commodi. Recusandae id consequatur non ut facere quam. Consequatur vel soluta sit ea rerum non.','sunt',59,NULL,'1989-08-06 04:36:12','1981-02-26 14:39:32'),(81,81,81,'Ut velit nostrum aliquid consequatur. Laboriosam et quia et id accusamus et. Earum sed non tenetur maiores dolor. Officiis veniam facilis ipsam dolor distinctio sed ut.','vel',679,NULL,'1982-12-15 13:05:35','1995-10-20 15:45:13'),(82,82,82,'Amet similique corporis porro dolore. Minima officiis omnis fugiat quibusdam fugiat. Officia eaque quos quibusdam.','voluptatem',4103889,NULL,'1985-06-04 04:23:23','1995-07-29 22:58:21'),(83,83,83,'Alias qui sed veniam explicabo rem omnis. Maxime molestiae ipsa ea facere voluptatem laudantium. Autem voluptas repellendus accusantium et. Veritatis eum sunt temporibus facilis quia soluta.','tempore',2,NULL,'1977-09-07 14:24:29','1980-10-20 17:47:37'),(84,84,84,'Facere debitis reiciendis libero eligendi ea cum. Fuga eum doloremque et voluptas illo nihil. Eum magnam est assumenda sed debitis odio quod. Ipsum omnis totam officiis possimus impedit sit sed dolor.','consequatur',0,NULL,'1973-09-07 15:02:30','1993-04-17 17:40:45'),(85,85,85,'Sunt quisquam voluptates distinctio suscipit sed veniam. Dolorum quibusdam ratione qui est. Quasi exercitationem autem doloribus ad vitae.','sequi',199,NULL,'1979-08-31 18:33:39','1991-07-31 00:35:53'),(86,86,86,'Velit quisquam impedit sapiente laboriosam dicta rerum beatae sit. Eos veniam expedita aspernatur est aut voluptatem. Mollitia eveniet cumque asperiores sequi dicta officiis. Ut sit esse dolorem dolor quia sint.','velit',0,NULL,'1999-06-03 08:32:54','2014-06-06 09:19:58'),(87,87,87,'Dolorem aliquid natus sed ab ab. Est aut est dolores ut voluptatem. Debitis cupiditate sint enim ad ad qui animi.','quae',819725952,NULL,'2001-04-04 06:35:16','1980-01-31 03:05:44'),(88,88,88,'Tempora vel vel sed sit. Natus autem natus consequatur perferendis minima explicabo voluptatum. Magnam reiciendis aperiam qui porro. Qui explicabo explicabo ut tempora.','eum',31741,NULL,'2000-06-22 17:35:22','1991-10-13 20:04:10'),(89,89,89,'Rem esse voluptatibus sed. Amet nisi aut saepe quam sunt. Officia voluptatem ipsam et blanditiis ducimus. Consequuntur et qui dolorem.','nihil',391,NULL,'2015-11-09 15:46:25','1987-07-25 17:38:16'),(90,90,90,'Eum distinctio tempore est sunt voluptatem dolorem. Animi autem atque est ex optio iure quia. Porro aut distinctio perspiciatis pariatur aperiam dolorem et consequatur. Ut saepe soluta nam aut est quam nam porro.','dicta',9812178,NULL,'2005-09-26 15:43:27','1991-03-27 07:52:08'),(91,91,91,'At quibusdam corporis minima laboriosam omnis. Placeat optio et et deleniti aperiam maxime adipisci. Est quia nulla repellendus quos adipisci commodi debitis. Velit error laboriosam quod quasi voluptatum.','alias',53764357,NULL,'2007-01-28 02:36:24','1981-08-31 11:10:13'),(92,92,92,'Sed autem quo velit tempora. Facilis cum porro iusto neque autem ipsa quasi accusantium. Ut nulla consequatur inventore ducimus consequatur dolor fugiat. Omnis pariatur quas nostrum quam quo molestias.','qui',931636,NULL,'2007-08-21 11:20:09','1984-08-17 20:22:45'),(93,93,93,'Hic ullam totam molestias minima architecto eveniet. Corrupti dicta eum aperiam tempora. Animi ut excepturi commodi.','ullam',2,NULL,'1979-10-24 00:14:33','1970-10-09 16:53:04'),(94,94,94,'Non sunt consectetur sed alias dolor. Ipsum illo et consequuntur facere similique vitae eveniet. Voluptatem corporis doloremque ut et eveniet qui excepturi.','veniam',4,NULL,'2012-10-25 09:03:05','1976-11-03 16:06:24'),(95,95,95,'Qui harum earum eos debitis est. Ratione ut voluptates et. Distinctio at sunt molestiae amet.','corrupti',73029,NULL,'1971-05-26 00:16:47','1999-01-16 11:52:37'),(96,96,96,'Sapiente nostrum nulla sunt ratione. Aut nam est possimus accusamus ipsam. Consequatur sapiente veniam totam vel aut iusto quisquam. Beatae molestiae et omnis sequi.','veritatis',894687448,NULL,'1995-02-17 02:28:19','1998-04-14 06:26:15'),(97,97,97,'Minima sit nam blanditiis quas quo. Sunt nobis ipsum cumque et. Eum officia excepturi et enim animi non nostrum cum.','ab',743724,NULL,'1999-02-16 21:34:04','2001-10-31 07:51:39'),(98,98,98,'Fugit velit excepturi aut illo magni odio. Omnis fugiat sed optio quibusdam. Veniam sed repudiandae sed ratione repellendus nihil. Mollitia delectus voluptas dolore facilis eius sed.','eum',471041,NULL,'1981-10-11 02:46:58','1978-12-10 06:24:02'),(99,99,99,'Temporibus aut perspiciatis explicabo impedit. Illo et accusamus unde fugit saepe qui odio ut. Aspernatur ut porro id veniam vitae iure temporibus.','a',198045,NULL,'1990-11-15 01:01:49','1981-06-11 07:12:26'),(100,100,100,'Facilis rerum qui beatae dolor. Quia provident est et commodi similique eius. Rerum provident et rerum voluptatibus. Autem explicabo inventore blanditiis aut esse corrupti.','dolores',68,NULL,'1995-05-27 03:08:33','1971-12-18 02:08:40');
/*!40000 ALTER TABLE `media` ENABLE KEYS */;
UNLOCK TABLES;

--
-- Table structure for table `media_types`
--

DROP TABLE IF EXISTS `media_types`;
/*!40101 SET @saved_cs_client     = @@character_set_client */;
/*!50503 SET character_set_client = utf8mb4 */;
CREATE TABLE `media_types` (
  `id` bigint(20) unsigned NOT NULL AUTO_INCREMENT,
  `name` varchar(255) CHARACTER SET utf8 COLLATE utf8_unicode_ci DEFAULT NULL,
  PRIMARY KEY (`id`)
) ENGINE=InnoDB AUTO_INCREMENT=101 DEFAULT CHARSET=utf8 COLLATE=utf8_unicode_ci;
/*!40101 SET character_set_client = @saved_cs_client */;

--
-- Dumping data for table `media_types`
--

LOCK TABLES `media_types` WRITE;
/*!40000 ALTER TABLE `media_types` DISABLE KEYS */;
INSERT INTO `media_types` VALUES (1,'error'),(2,'at'),(3,'vero'),(4,'dolor'),(5,'suscipit'),(6,'quo'),(7,'omnis'),(8,'quam'),(9,'iusto'),(10,'tenetur'),(11,'rerum'),(12,'explicabo'),(13,'ipsum'),(14,'itaque'),(15,'cum'),(16,'ex'),(17,'natus'),(18,'sed'),(19,'qui'),(20,'ut'),(21,'voluptas'),(22,'architecto'),(23,'iste'),(24,'hic'),(25,'mollitia'),(26,'eligendi'),(27,'enim'),(28,'ipsa'),(29,'eaque'),(30,'fuga'),(31,'quia'),(32,'autem'),(33,'et'),(34,'beatae'),(35,'enim'),(36,'praesentium'),(37,'aut'),(38,'et'),(39,'quia'),(40,'exercitationem'),(41,'minima'),(42,'ut'),(43,'cum'),(44,'cumque'),(45,'assumenda'),(46,'et'),(47,'porro'),(48,'expedita'),(49,'deleniti'),(50,'magnam'),(51,'omnis'),(52,'qui'),(53,'et'),(54,'commodi'),(55,'illum'),(56,'est'),(57,'et'),(58,'vitae'),(59,'tenetur'),(60,'in'),(61,'vel'),(62,'dolor'),(63,'accusamus'),(64,'quis'),(65,'voluptas'),(66,'voluptatem'),(67,'explicabo'),(68,'ducimus'),(69,'est'),(70,'molestiae'),(71,'omnis'),(72,'fugiat'),(73,'ut'),(74,'magnam'),(75,'ea'),(76,'ut'),(77,'a'),(78,'quis'),(79,'voluptatum'),(80,'et'),(81,'atque'),(82,'quos'),(83,'at'),(84,'non'),(85,'officiis'),(86,'consequatur'),(87,'odit'),(88,'expedita'),(89,'quod'),(90,'nobis'),(91,'quis'),(92,'ea'),(93,'laudantium'),(94,'saepe'),(95,'ut'),(96,'sed'),(97,'expedita'),(98,'voluptatem'),(99,'alias'),(100,'vero');
/*!40000 ALTER TABLE `media_types` ENABLE KEYS */;
UNLOCK TABLES;

--
-- Table structure for table `messages`
--

DROP TABLE IF EXISTS `messages`;
/*!40101 SET @saved_cs_client     = @@character_set_client */;
/*!50503 SET character_set_client = utf8mb4 */;
CREATE TABLE `messages` (
  `id` bigint(20) unsigned NOT NULL AUTO_INCREMENT,
  `from_user_id` bigint(20) unsigned NOT NULL,
  `to_user_id` bigint(20) unsigned NOT NULL,
  `body` text CHARACTER SET utf8 COLLATE utf8_unicode_ci,
  `created_at` datetime DEFAULT CURRENT_TIMESTAMP,
  PRIMARY KEY (`id`),
  KEY `from_user_id` (`from_user_id`),
  KEY `to_user_id` (`to_user_id`),
  CONSTRAINT `messages_ibfk_1` FOREIGN KEY (`from_user_id`) REFERENCES `users` (`id`),
  CONSTRAINT `messages_ibfk_2` FOREIGN KEY (`to_user_id`) REFERENCES `users` (`id`)
) ENGINE=InnoDB AUTO_INCREMENT=101 DEFAULT CHARSET=utf8 COLLATE=utf8_unicode_ci;
/*!40101 SET character_set_client = @saved_cs_client */;

--
-- Dumping data for table `messages`
--

LOCK TABLES `messages` WRITE;
/*!40000 ALTER TABLE `messages` DISABLE KEYS */;
INSERT INTO `messages` VALUES (1,1,1,'Suscipit voluptatem iste quia ea et. Dolore et aut facilis laborum quia molestias qui voluptatem. Veniam sit eius molestias eaque velit voluptas quas. Et doloremque ut aliquam.','2012-07-27 02:10:58'),(2,2,2,'Enim quia temporibus fuga dolores iusto. Aut delectus praesentium ut occaecati optio sed. Perspiciatis in ab mollitia alias id in blanditiis.','1999-01-09 07:34:46'),(3,3,3,'Dolores eaque ut occaecati mollitia totam non delectus omnis. Consectetur error quo libero quod ipsum a. Id et id ipsum blanditiis aliquid ut cumque.','2019-03-28 02:29:00'),(4,4,4,'Dolore deserunt et impedit repellendus. In omnis doloremque magnam rerum perferendis nihil.','1975-10-18 22:25:53'),(5,5,5,'Non cupiditate ratione dolores sit a amet. Officiis eum ut repellendus tempora dolor dolore quos. Sint harum consectetur delectus dolorem laborum voluptas cumque.','2016-08-01 20:29:11'),(6,6,6,'Id aut consequatur est earum. Debitis sequi fugit fugiat ipsum. Aperiam repellendus enim distinctio rem fugiat sit.','2014-02-20 21:25:16'),(7,7,7,'Architecto exercitationem aperiam dignissimos. Praesentium ratione reiciendis quam dolores laborum tempore. Veritatis ut quod praesentium.','2011-10-30 17:21:14'),(8,8,8,'Itaque nam minima temporibus ducimus iure repellendus. Eos quis odio magnam eveniet. Excepturi ex expedita nostrum nobis.','1985-10-29 03:47:17'),(9,9,9,'Sunt rem dolores officiis. Aperiam fuga fuga qui officia quis officia. Aliquam necessitatibus et dicta nesciunt. In dolore vitae repudiandae occaecati.','1975-02-06 21:12:35'),(10,10,10,'Ipsum dolores tempora nam magni deleniti. Distinctio corrupti ut beatae. Cumque exercitationem aperiam voluptas et et.','1979-11-20 21:40:16'),(11,11,11,'Harum recusandae veniam at non ut. Quis nisi beatae qui in temporibus. Voluptatibus veritatis ut eaque iusto delectus ut.','1995-09-30 18:57:13'),(12,12,12,'Molestiae libero est accusamus. Veritatis et possimus corrupti cupiditate. Aut maxime sint aut commodi veritatis earum.','2009-02-16 13:00:02'),(13,13,13,'Quis recusandae ullam et eius non. Qui blanditiis et ipsum fugit praesentium ratione. Laborum facere voluptatem exercitationem occaecati consequuntur repellat aspernatur.','2005-08-07 06:35:22'),(14,14,14,'Non sunt in dolorum ipsum ut sint eveniet. Maiores mollitia laborum amet et sit inventore esse. Saepe aspernatur delectus expedita officia sed sit amet explicabo.','2004-04-01 08:02:37'),(15,15,15,'Maiores deserunt esse quo illo voluptatibus reprehenderit. Quasi doloremque magni aut cum odit sit veritatis. Praesentium cupiditate est possimus ullam quidem eveniet. Consectetur et quo sunt dolor minima.','2016-10-30 18:14:40'),(16,16,16,'Quasi quos harum quibusdam dignissimos. Est reiciendis voluptas quae aperiam. Alias sed voluptatum molestiae rerum enim praesentium. Voluptatem voluptatem exercitationem voluptatem facere qui voluptatem cum est.','1970-04-20 16:52:15'),(17,17,17,'Odio optio aliquam provident dignissimos ea ut recusandae id. Repudiandae vero aut cupiditate velit eum aperiam. Mollitia reiciendis corporis tenetur asperiores possimus. Quia sunt explicabo odio laudantium velit.','1995-08-05 17:15:02'),(18,18,18,'Voluptatem esse quidem magnam quam. Quasi animi nihil illum at sed voluptate. Voluptates quod repudiandae voluptatem quis velit vitae illum. Cumque et veniam quisquam dicta dolorem.','1993-04-13 00:50:22'),(19,19,19,'Repellat ea iure ut sed cum consequuntur fuga ut. Corporis ut architecto quasi ut consequuntur. Minus error delectus sed quo aut omnis quia. Reiciendis cupiditate quasi architecto dolore voluptas quasi ut.','2001-12-14 10:39:18'),(20,20,20,'Eum adipisci voluptatum tempora saepe sunt voluptatibus odio. Autem consequatur doloribus eos ratione perferendis. Ad assumenda rerum commodi nostrum voluptates. Nihil ut exercitationem sapiente omnis. Officia dolor in ea est.','1981-10-23 13:51:46'),(21,21,21,'Similique nulla autem commodi corporis est voluptatibus. Blanditiis provident ullam alias officiis sit ut. Sint in et omnis ab inventore. Incidunt maxime earum vitae. Id dolorem officiis sint vel in corporis magni.','2005-07-27 21:50:44'),(22,22,22,'Sed tempore fuga incidunt aliquid voluptas. Est porro alias velit blanditiis perferendis ut sequi fuga. Cumque quia et doloribus amet illum minima quas doloribus.','1986-04-23 10:32:29'),(23,23,23,'Dolor quo quasi dolores deserunt recusandae ipsam nisi. Qui minima eligendi excepturi voluptas nihil sint ea. Sunt minus non tempore tempore odio architecto. Dolor omnis quasi corporis quis quia. Culpa qui sapiente inventore.','1998-03-26 02:04:26'),(24,24,24,'Dolor ullam corrupti magnam beatae omnis quos dolor. Accusamus magnam quibusdam porro et dolorem eius quam sit. Maiores consectetur quo et et.','1996-04-19 18:34:18'),(25,25,25,'Dolores autem iusto magni quos. Deleniti a sed incidunt voluptatibus. Iure dignissimos asperiores distinctio consequatur qui. Harum sed ea qui sit sunt repellat hic.','1974-07-13 22:43:18'),(26,26,26,'Ea sint qui enim ullam. Animi ipsa maxime necessitatibus voluptatibus quae ducimus. Natus similique est error. Est non et dicta tempore.','2018-11-12 16:21:33'),(27,27,27,'Libero ut labore ex optio voluptatum adipisci accusamus architecto. Et explicabo aspernatur qui ipsa. Iusto voluptas dolorem quasi minus vero explicabo vero qui. Debitis ut qui necessitatibus beatae quis fugiat atque.','2003-01-22 15:01:08'),(28,28,28,'Dolor sequi recusandae qui quaerat ducimus qui. Magni qui ab enim reiciendis. Non sed sit et dolorem ad vel.','1991-11-19 21:46:17'),(29,29,29,'Fugiat illo qui in ducimus assumenda voluptas. Facilis fugiat architecto odio saepe quod. Quod earum porro eum ducimus officiis officiis facilis. Consequatur nihil fugit non perspiciatis atque ad. Alias labore saepe perferendis veritatis quia.','1994-02-09 06:53:45'),(30,30,30,'Qui in non inventore nihil rerum est itaque qui. In eum fugit distinctio aliquam inventore ea. Laudantium ut rerum deserunt rerum rerum totam. Omnis possimus impedit explicabo quia nobis veniam. Vitae debitis quibusdam repellat quis.','2002-02-05 01:08:50'),(31,31,31,'Dolor et ut fugit quam aut molestiae. Officiis alias magnam qui corporis aliquid libero reprehenderit. Voluptatem facere consequatur nesciunt quo dolores repellat in aut.','1984-12-20 14:06:41'),(32,32,32,'Aut doloremque vero ut ullam porro hic. Et magni accusamus porro qui voluptatibus.','1975-10-06 05:12:36'),(33,33,33,'Dolore ut a incidunt in. Voluptas eum ipsum voluptas minima totam. Expedita dolor a atque. Et ad quo voluptatem.','2010-02-02 19:35:06'),(34,34,34,'Omnis similique sed eaque et harum. Autem ut corrupti consectetur vel temporibus numquam. Inventore qui officia accusamus voluptates ut deleniti delectus.','1995-08-05 05:06:43'),(35,35,35,'Nihil non et harum accusantium iusto harum. A aliquam illo est quisquam enim tempore explicabo. Beatae voluptatem est occaecati non ipsam.','1994-04-22 17:28:37'),(36,36,36,'Est quam optio magnam dignissimos. Voluptatibus sed nam praesentium quis modi. Sed cum quas et.','2009-02-25 07:10:31'),(37,37,37,'Consequuntur non vel facilis minus. Tenetur qui molestiae eum quia voluptatem quo qui iure. Nam quis et perferendis.','2009-11-27 13:28:32'),(38,38,38,'Veritatis laborum illo labore qui. Libero repudiandae ut exercitationem sed sequi tempore. Est fugiat soluta porro magni non velit.','1992-07-09 20:07:41'),(39,39,39,'Alias qui rerum aut. Voluptas et qui non velit. Architecto blanditiis dolorum laborum et et. Delectus rerum consequatur exercitationem facere qui.','2006-12-17 00:54:58'),(40,40,40,'Eum est explicabo doloremque qui aliquam expedita. Repellendus voluptatem eum ut est ab repellat molestiae. At nisi veniam nisi ea.','1995-10-23 08:04:22'),(41,41,41,'Nesciunt et aspernatur fugiat omnis minus autem non. In nemo excepturi nobis nisi. Et minus mollitia laboriosam aut repudiandae perferendis.','2004-07-05 06:09:32'),(42,42,42,'Esse aut quia aperiam non. Consequuntur illum et vero molestias eius corrupti. Nihil fuga aspernatur autem autem vero dicta illum. Architecto aspernatur qui quasi qui est illum.','1974-09-01 00:35:10'),(43,43,43,'Sed itaque velit quam perferendis iusto aspernatur. Neque aut est velit libero. Explicabo ut voluptatem odio quaerat sed eos.','2014-07-30 20:00:58'),(44,44,44,'Quo dolores alias explicabo odit beatae. Optio a recusandae sint est et. Est nisi et quia et ut ratione ut libero. Eum voluptatem aut facere. Ab temporibus eius tenetur natus repellendus.','2005-09-11 05:59:16'),(45,45,45,'Esse consequatur qui consequuntur sapiente cupiditate dolorum voluptate quia. Illum sint cupiditate fuga nulla numquam. Facilis eaque fuga ut ad.','2017-08-21 01:03:40'),(46,46,46,'Quod est dolorem quasi. Voluptatibus nesciunt placeat ipsam sit praesentium error voluptatum.','1993-11-28 17:46:42'),(47,47,47,'Tempora sint dignissimos ut id numquam aut. Autem unde quam earum quos quia. Maiores earum qui voluptas magni. Aut debitis consequatur sunt et minus occaecati sed sed.','1981-11-03 16:49:05'),(48,48,48,'Error quam dolorum labore explicabo tempora provident quia. Voluptas dolores at voluptatem minima. Perferendis consectetur consectetur rem. Perferendis fugit tempora doloribus voluptas eos.','1977-03-12 06:35:44'),(49,49,49,'Cum assumenda rerum sit animi sit voluptatem. Alias molestiae perferendis est. Autem asperiores voluptas ipsam ea ut aliquam.','1984-08-10 09:00:27'),(50,50,50,'Quis iste sit corrupti est aperiam. Magni et itaque ut exercitationem atque. Libero voluptatem tempora vel omnis facere voluptas. Ut necessitatibus saepe rerum molestias tempore.','1982-10-31 20:48:04'),(51,51,51,'Et dicta praesentium repellat quisquam neque nam. Ipsam cupiditate minus animi tempora voluptas quo explicabo culpa. Rerum eius molestiae dolore voluptatem assumenda quis. Quia officiis velit magni nemo odio nemo.','2016-09-02 03:03:23'),(52,52,52,'Expedita atque autem eius qui ut officia. Doloribus consequuntur quis error quam. Tempore eius saepe eos tenetur rerum.','2014-08-27 07:55:53'),(53,53,53,'Recusandae id voluptatem aut voluptatem dolores alias. Non omnis doloremque aspernatur aut cupiditate ipsum vitae similique. Praesentium quia sit omnis quis voluptatem ea quia sint. Vel consectetur ut corrupti sint maxime nemo minima velit.','2002-05-01 01:27:24'),(54,54,54,'Commodi sequi facere et voluptas animi. Impedit cupiditate animi reiciendis dolorum vel optio omnis. Hic exercitationem fugit quasi ex.','2005-11-14 13:55:23'),(55,55,55,'Natus voluptatem consequuntur libero necessitatibus. Fugiat et et quidem delectus sint ut.','1984-02-16 15:33:00'),(56,56,56,'Quidem suscipit sed laborum dolorem aut. Impedit et explicabo saepe et eos maiores. Eum omnis ea enim. Accusamus voluptate quidem id.','1974-01-02 10:28:21'),(57,57,57,'In qui voluptatum accusamus voluptas. Aut ullam et facere officiis eos qui. Ut id ipsam incidunt distinctio minus. Doloribus vero doloremque ipsa illum rerum rerum ipsa.','2005-03-02 14:37:42'),(58,58,58,'Sunt dicta qui unde. Qui laborum consequatur qui dicta.','1987-11-19 15:33:59'),(59,59,59,'Nobis libero atque soluta debitis. Dolor et autem hic voluptas earum cupiditate maiores. Itaque consequatur temporibus aut accusamus necessitatibus nesciunt. Assumenda expedita voluptatem tempora asperiores doloremque voluptatem.','1994-08-17 02:22:51'),(60,60,60,'Et velit voluptatem ut. Consequatur nihil repudiandae quisquam est qui. Quam repellat corrupti ex nam ad numquam odio.','2017-12-10 08:23:24'),(61,61,61,'Ipsa praesentium aspernatur repellendus id maiores qui. Quia animi dicta praesentium saepe est voluptatibus aut.','2011-05-26 09:30:05'),(62,62,62,'Consequuntur animi est nisi temporibus quasi officiis. Est culpa sunt aut eaque. Quia omnis aut ab est qui odit.','2007-10-09 14:14:38'),(63,63,63,'Doloremque fugit et impedit molestiae ducimus. Laborum quibusdam eos veniam animi doloribus ea inventore ratione. Enim ratione aut sed magni tempore laboriosam non. Maxime placeat deserunt nostrum alias nesciunt.','1985-09-22 10:29:05'),(64,64,64,'Quibusdam accusamus necessitatibus ea esse dicta. Quis quas aut voluptas numquam odio sint hic. Rerum et nemo corrupti corrupti molestias dolorem.','1981-10-25 17:07:21'),(65,65,65,'Rerum saepe repudiandae doloribus doloremque. Rerum maiores nostrum et libero ad fugit. Dolorum cumque error laboriosam fuga maxime ratione sit ratione. Dolor placeat est quis doloribus dolor deserunt. Impedit et qui harum deleniti.','1997-12-30 05:18:45'),(66,66,66,'Aspernatur cumque voluptatem molestiae corporis vel. Dolores dolore quo ullam ut. Omnis consequatur eum explicabo eos minima non numquam ea.','1993-05-18 00:35:26'),(67,67,67,'Vel voluptates cumque voluptatem debitis. Qui consectetur ea est sed aut sint et aperiam. Enim quis beatae reiciendis reprehenderit. Cupiditate soluta praesentium sed dignissimos quaerat mollitia aut.','2014-10-29 15:45:30'),(68,68,68,'Ab ea voluptatem incidunt tenetur. Qui soluta ea ut officia quos dolores. Debitis ut earum quae qui.','1979-04-11 20:52:45'),(69,69,69,'Et sint laudantium voluptate alias. Velit voluptatibus rerum quae unde illo excepturi ut.','2013-08-21 23:31:24'),(70,70,70,'Quam reiciendis et et eveniet ipsum. Corrupti ut ut distinctio animi quia nulla. Quis aliquam alias ad eos.','2007-04-11 07:14:45'),(71,71,71,'Iste ipsa quia debitis harum. Laboriosam aut autem explicabo saepe blanditiis illo. Tempore magnam accusamus et harum vitae sapiente ut. Nobis asperiores quas dolorem voluptate nisi possimus atque.','1979-07-23 03:02:32'),(72,72,72,'Optio quo et dolorem non blanditiis. Architecto omnis quia minus voluptatibus est est qui. Velit quasi odit eveniet repellat. Quisquam ullam quibusdam aut non exercitationem est voluptatem.','1973-06-05 08:42:12'),(73,73,73,'Nisi nesciunt sed delectus commodi. Perspiciatis aut sit sunt laudantium rerum eos occaecati. Et rerum excepturi fugiat. Quod et delectus soluta neque autem quibusdam. Nihil assumenda sed eum odit nostrum.','1978-01-15 15:28:38'),(74,74,74,'Nemo aut et dicta assumenda. Tenetur nihil placeat cumque eligendi. Non debitis quis est ex numquam et. Atque vero eum dolore iste quia et ut ut.','1977-10-15 15:53:14'),(75,75,75,'Doloremque odit aut accusamus. Laboriosam qui sed et omnis velit id assumenda sunt. Ut est est beatae et nulla est. Quia officia itaque non sint. Minus quam atque quo et debitis.','1990-12-26 21:47:38'),(76,76,76,'Deserunt nesciunt quas sit. Minus provident ex corporis ipsum consequuntur dicta aut. Quae autem est explicabo velit. Sint fugiat voluptate doloribus eum est laborum quidem.','2005-11-20 10:02:14'),(77,77,77,'Illum est natus sit omnis et qui. Nobis ut quibusdam et vel. Molestiae quasi facilis laudantium earum culpa impedit voluptatem.','2001-09-22 12:50:16'),(78,78,78,'Placeat enim corporis voluptatem consequatur dicta quo minima. Eos repudiandae eius ut dolores ullam. Eum error perferendis itaque soluta molestiae.','1976-12-13 23:04:45'),(79,79,79,'Nam et rerum iusto et. Occaecati hic maiores illo ratione quo repudiandae voluptatem aut. In voluptas repudiandae et est.','1976-08-05 07:51:37'),(80,80,80,'Perspiciatis illo quisquam impedit delectus est dolorem et dolore. Dolorum occaecati voluptatem magni in maiores quisquam repudiandae. Sequi cum voluptatum debitis id placeat ut distinctio voluptas. Ad non atque blanditiis tenetur.','2001-07-24 13:18:20'),(81,81,81,'Consequatur quos nihil illo dolore ut voluptatum. Ut qui fuga nisi harum commodi sed vero iure. Et facere quis natus vel id magnam. Tenetur et cum qui in. Placeat quas dolor eaque est quibusdam.','1993-05-06 01:49:19'),(82,82,82,'Odio nostrum et voluptatibus incidunt. Accusamus dicta porro consectetur id voluptatum corrupti tenetur. Ad saepe quia at sit. Error at assumenda et debitis maxime consequatur nostrum.','1978-10-15 20:25:56'),(83,83,83,'Aut qui rerum ut ullam maiores quod. Consequuntur ipsa adipisci dolor dolor. Velit nesciunt sed nulla quaerat autem.','2008-03-18 16:06:11'),(84,84,84,'Omnis consequuntur aut aliquid iusto esse. Atque eligendi quos temporibus dolorem eius nam amet totam. Ex est aut iure quo nisi.','2007-01-19 05:38:24'),(85,85,85,'Eligendi non illum debitis eveniet asperiores. Soluta laudantium quia suscipit praesentium. Voluptatem repellat impedit natus et quisquam labore libero molestiae. Enim debitis quo et voluptas omnis quia adipisci nihil.','1982-12-17 16:31:24'),(86,86,86,'Et dignissimos quibusdam optio debitis consectetur. Excepturi fuga consequuntur nisi minima reprehenderit non omnis.','1989-11-27 22:52:50'),(87,87,87,'Rem nihil excepturi sit. Iste doloremque commodi rem ullam quos harum tempore qui. Beatae aut eum aliquam inventore quia mollitia. Quas explicabo quibusdam recusandae iusto adipisci.','1994-03-06 02:14:21'),(88,88,88,'Et minima quam dignissimos non. Rerum neque amet explicabo eum odit alias saepe. Non est et voluptatem adipisci eum unde nulla.','2014-08-06 01:04:18'),(89,89,89,'Rerum quod accusantium rem qui recusandae ipsa libero. Fugit quo nulla ut et. Doloribus corrupti nostrum voluptates excepturi facere dolorum optio. Et impedit ex corrupti qui natus commodi nemo.','1980-07-30 05:05:11'),(90,90,90,'Ratione quo enim ut blanditiis et. Nihil voluptas aliquid debitis magnam tenetur ut. Non provident ea omnis aut quis dolor inventore omnis. Consequatur omnis suscipit blanditiis beatae. Blanditiis eveniet voluptate eligendi ducimus consequatur rerum.','1975-07-22 23:44:37'),(91,91,91,'Quaerat est non et soluta nobis. Aut ducimus nisi temporibus. Est quia quaerat velit impedit omnis accusantium perferendis omnis.','2001-03-21 22:23:24'),(92,92,92,'Fugiat aliquam aut molestiae sit quas excepturi. Unde animi quos excepturi dolore alias vitae est. Ipsum ipsum qui ut ratione. At delectus eaque nulla repudiandae quidem labore.','2001-01-03 08:48:34'),(93,93,93,'Voluptatem repudiandae qui vel occaecati. Quia consequatur dolorum qui culpa delectus in soluta.','2009-03-17 15:15:26'),(94,94,94,'Voluptatem excepturi aliquid deserunt maiores porro. Sit non eos voluptatum iusto reprehenderit a magnam. Rerum dolor quod adipisci unde maiores. Velit quia necessitatibus nemo sit quibusdam sint.','2018-08-16 20:02:53'),(95,95,95,'Ipsam animi repellendus doloribus minus beatae reiciendis autem architecto. Eius esse sunt beatae nam nihil. Et iure non corrupti sunt sed. Mollitia dolores quo libero atque odio. Culpa sunt pariatur aut repellat.','1980-12-03 04:31:42'),(96,96,96,'Ut quae est quia pariatur dicta voluptas vel. Inventore rerum molestiae ea nam maxime iure porro earum. Nostrum id corrupti est minus ipsa quia qui. Fugiat perspiciatis consequatur impedit repellendus.','1993-08-28 23:09:12'),(97,97,97,'Ut voluptates voluptates explicabo ex ea. Ratione voluptatibus vero libero possimus. Reprehenderit dolor itaque magni nobis laborum consequatur et. Maxime optio dolor autem explicabo dolores.','2001-09-28 07:24:18'),(98,98,98,'Quis ut magni magnam quis soluta atque. Quia ipsum sed ut odio quia eligendi laudantium incidunt. Nostrum vitae similique assumenda praesentium dolorem veritatis est.','1977-06-06 22:51:38'),(99,99,99,'Nobis deleniti vel eaque tenetur. Consequatur rerum ab debitis quae. Et dolores totam est sequi voluptas reiciendis.','1997-04-16 00:24:04'),(100,100,100,'Accusamus aut nihil officiis. Ab occaecati unde consequatur saepe inventore vel. Earum pariatur dolorum nihil accusamus quis.','2016-05-01 01:56:25');
/*!40000 ALTER TABLE `messages` ENABLE KEYS */;
UNLOCK TABLES;

--
-- Table structure for table `photo_albums`
--

DROP TABLE IF EXISTS `photo_albums`;
/*!40101 SET @saved_cs_client     = @@character_set_client */;
/*!50503 SET character_set_client = utf8mb4 */;
CREATE TABLE `photo_albums` (
  `id` bigint(20) unsigned NOT NULL AUTO_INCREMENT,
  `name` varchar(255) CHARACTER SET utf8 COLLATE utf8_unicode_ci DEFAULT NULL,
  `user_id` bigint(20) unsigned NOT NULL,
  PRIMARY KEY (`id`),
  KEY `user_id` (`user_id`),
  CONSTRAINT `photo_albums_ibfk_1` FOREIGN KEY (`user_id`) REFERENCES `users` (`id`)
) ENGINE=InnoDB AUTO_INCREMENT=101 DEFAULT CHARSET=utf8 COLLATE=utf8_unicode_ci;
/*!40101 SET character_set_client = @saved_cs_client */;

--
-- Dumping data for table `photo_albums`
--

LOCK TABLES `photo_albums` WRITE;
/*!40000 ALTER TABLE `photo_albums` DISABLE KEYS */;
INSERT INTO `photo_albums` VALUES (1,'corporis',1),(2,'esse',2),(3,'excepturi',3),(4,'molestias',4),(5,'velit',5),(6,'assumenda',6),(7,'aliquid',7),(8,'quibusdam',8),(9,'cum',9),(10,'placeat',10),(11,'corporis',11),(12,'sed',12),(13,'quaerat',13),(14,'libero',14),(15,'error',15),(16,'recusandae',16),(17,'corporis',17),(18,'molestias',18),(19,'sit',19),(20,'ut',20),(21,'voluptates',21),(22,'quam',22),(23,'recusandae',23),(24,'deleniti',24),(25,'modi',25),(26,'dolor',26),(27,'vel',27),(28,'vel',28),(29,'fugiat',29),(30,'quaerat',30),(31,'accusantium',31),(32,'illum',32),(33,'dolor',33),(34,'voluptatem',34),(35,'impedit',35),(36,'expedita',36),(37,'fugiat',37),(38,'necessitatibus',38),(39,'corrupti',39),(40,'necessitatibus',40),(41,'unde',41),(42,'inventore',42),(43,'officia',43),(44,'vero',44),(45,'voluptas',45),(46,'cumque',46),(47,'non',47),(48,'minima',48),(49,'vero',49),(50,'rerum',50),(51,'sed',51),(52,'perferendis',52),(53,'aut',53),(54,'sit',54),(55,'non',55),(56,'atque',56),(57,'doloremque',57),(58,'sunt',58),(59,'voluptas',59),(60,'eligendi',60),(61,'est',61),(62,'aliquid',62),(63,'eveniet',63),(64,'tenetur',64),(65,'magni',65),(66,'aperiam',66),(67,'id',67),(68,'et',68),(69,'consequatur',69),(70,'modi',70),(71,'optio',71),(72,'ratione',72),(73,'hic',73),(74,'optio',74),(75,'id',75),(76,'dolorem',76),(77,'autem',77),(78,'iste',78),(79,'amet',79),(80,'qui',80),(81,'est',81),(82,'repudiandae',82),(83,'exercitationem',83),(84,'et',84),(85,'perferendis',85),(86,'eius',86),(87,'fuga',87),(88,'qui',88),(89,'eveniet',89),(90,'dolor',90),(91,'quam',91),(92,'voluptatum',92),(93,'impedit',93),(94,'nulla',94),(95,'reiciendis',95),(96,'hic',96),(97,'hic',97),(98,'delectus',98),(99,'est',99),(100,'ipsum',100);
/*!40000 ALTER TABLE `photo_albums` ENABLE KEYS */;
UNLOCK TABLES;

--
-- Table structure for table `photos`
--

DROP TABLE IF EXISTS `photos`;
/*!40101 SET @saved_cs_client     = @@character_set_client */;
/*!50503 SET character_set_client = utf8mb4 */;
CREATE TABLE `photos` (
  `id` bigint(20) unsigned NOT NULL AUTO_INCREMENT,
  `name` varchar(255) CHARACTER SET utf8 COLLATE utf8_unicode_ci DEFAULT NULL,
  `album_id` bigint(20) unsigned DEFAULT NULL,
  `media_id` bigint(20) unsigned DEFAULT NULL,
  PRIMARY KEY (`id`),
  KEY `album_id` (`album_id`),
  KEY `media_id` (`media_id`),
  CONSTRAINT `photos_ibfk_1` FOREIGN KEY (`album_id`) REFERENCES `photo_albums` (`id`),
  CONSTRAINT `photos_ibfk_2` FOREIGN KEY (`media_id`) REFERENCES `media` (`id`)
) ENGINE=InnoDB AUTO_INCREMENT=101 DEFAULT CHARSET=utf8 COLLATE=utf8_unicode_ci;
/*!40101 SET character_set_client = @saved_cs_client */;

--
-- Dumping data for table `photos`
--

LOCK TABLES `photos` WRITE;
/*!40000 ALTER TABLE `photos` DISABLE KEYS */;
INSERT INTO `photos` VALUES (1,'et',1,1),(2,'ab',2,2),(3,'aliquid',3,3),(4,'mollitia',4,4),(5,'similique',5,5),(6,'suscipit',6,6),(7,'itaque',7,7),(8,'nihil',8,8),(9,'esse',9,9),(10,'perspiciatis',10,10),(11,'excepturi',11,11),(12,'aut',12,12),(13,'ut',13,13),(14,'sed',14,14),(15,'porro',15,15),(16,'harum',16,16),(17,'a',17,17),(18,'numquam',18,18),(19,'quia',19,19),(20,'sunt',20,20),(21,'quisquam',21,21),(22,'accusamus',22,22),(23,'fugiat',23,23),(24,'facere',24,24),(25,'laborum',25,25),(26,'hic',26,26),(27,'non',27,27),(28,'cumque',28,28),(29,'recusandae',29,29),(30,'natus',30,30),(31,'quidem',31,31),(32,'quam',32,32),(33,'repellat',33,33),(34,'velit',34,34),(35,'ut',35,35),(36,'maxime',36,36),(37,'repellendus',37,37),(38,'doloribus',38,38),(39,'delectus',39,39),(40,'officiis',40,40),(41,'autem',41,41),(42,'cum',42,42),(43,'veritatis',43,43),(44,'et',44,44),(45,'qui',45,45),(46,'deleniti',46,46),(47,'id',47,47),(48,'fugit',48,48),(49,'et',49,49),(50,'molestiae',50,50),(51,'quia',51,51),(52,'velit',52,52),(53,'aut',53,53),(54,'necessitatibus',54,54),(55,'quia',55,55),(56,'consequatur',56,56),(57,'deserunt',57,57),(58,'dolor',58,58),(59,'omnis',59,59),(60,'dolores',60,60),(61,'voluptas',61,61),(62,'pariatur',62,62),(63,'qui',63,63),(64,'fuga',64,64),(65,'placeat',65,65),(66,'ut',66,66),(67,'libero',67,67),(68,'aut',68,68),(69,'facere',69,69),(70,'quasi',70,70),(71,'quia',71,71),(72,'qui',72,72),(73,'minima',73,73),(74,'aperiam',74,74),(75,'voluptas',75,75),(76,'enim',76,76),(77,'necessitatibus',77,77),(78,'libero',78,78),(79,'officia',79,79),(80,'harum',80,80),(81,'et',81,81),(82,'dolorum',82,82),(83,'laudantium',83,83),(84,'cumque',84,84),(85,'iusto',85,85),(86,'assumenda',86,86),(87,'cumque',87,87),(88,'molestiae',88,88),(89,'sed',89,89),(90,'qui',90,90),(91,'alias',91,91),(92,'dolores',92,92),(93,'ex',93,93),(94,'aut',94,94),(95,'sint',95,95),(96,'in',96,96),(97,'quam',97,97),(98,'minima',98,98),(99,'repellat',99,99),(100,'nisi',100,100);
/*!40000 ALTER TABLE `photos` ENABLE KEYS */;
UNLOCK TABLES;

--
-- Table structure for table `profiles`
--

DROP TABLE IF EXISTS `profiles`;
/*!40101 SET @saved_cs_client     = @@character_set_client */;
/*!50503 SET character_set_client = utf8mb4 */;
CREATE TABLE `profiles` (
  `user_id` bigint(20) unsigned NOT NULL AUTO_INCREMENT,
  `gender` char(1) CHARACTER SET utf8 COLLATE utf8_unicode_ci DEFAULT NULL,
  `birth_day` date DEFAULT NULL,
  `photo_id` bigint(20) unsigned NOT NULL,
  `hometown` varchar(100) CHARACTER SET utf8 COLLATE utf8_unicode_ci DEFAULT NULL,
  `created_at` datetime DEFAULT CURRENT_TIMESTAMP,
  PRIMARY KEY (`user_id`),
  KEY `fk_photo_id` (`photo_id`),
  CONSTRAINT `fk_photo_id` FOREIGN KEY (`photo_id`) REFERENCES `media` (`id`) ON UPDATE CASCADE,
  CONSTRAINT `fk_user_id` FOREIGN KEY (`user_id`) REFERENCES `users` (`id`) ON UPDATE CASCADE
) ENGINE=InnoDB AUTO_INCREMENT=101 DEFAULT CHARSET=utf8 COLLATE=utf8_unicode_ci;
/*!40101 SET character_set_client = @saved_cs_client */;

--
-- Dumping data for table `profiles`
--

LOCK TABLES `profiles` WRITE;
/*!40000 ALTER TABLE `profiles` DISABLE KEYS */;
INSERT INTO `profiles` VALUES (1,NULL,'2015-10-04',1,NULL,'1980-01-03 16:10:07'),(2,NULL,'2016-06-07',2,NULL,'1999-02-08 14:12:34'),(3,NULL,'1971-05-16',3,NULL,'2001-01-25 09:47:38'),(4,NULL,'1981-06-01',4,NULL,'2003-07-04 02:59:55'),(5,NULL,'1971-04-16',5,NULL,'2006-10-18 07:26:04'),(6,NULL,'1971-10-26',6,NULL,'2007-07-16 04:41:30'),(7,NULL,'1971-11-16',7,NULL,'2011-09-23 02:49:09'),(8,NULL,'1973-07-04',8,NULL,'1972-10-10 03:25:17'),(9,NULL,'1988-09-02',9,NULL,'1983-02-14 14:32:23'),(10,NULL,'1980-04-02',10,NULL,'2007-10-03 09:42:46'),(11,NULL,'1986-05-06',11,NULL,'1984-08-21 14:06:07'),(12,NULL,'1976-08-19',12,NULL,'1986-05-21 02:16:02'),(13,NULL,'1970-04-03',13,NULL,'2017-12-02 22:27:25'),(14,NULL,'1997-04-10',14,NULL,'2017-10-14 15:15:42'),(15,NULL,'2011-04-16',15,NULL,'2011-03-31 10:28:31'),(16,NULL,'1997-09-07',16,NULL,'2009-11-08 10:29:18'),(17,NULL,'1977-04-12',17,NULL,'1978-07-29 23:11:00'),(18,NULL,'1988-07-24',18,NULL,'2000-11-12 05:03:37'),(19,NULL,'2014-01-05',19,NULL,'2012-09-30 09:05:01'),(20,NULL,'1971-03-02',20,NULL,'1999-04-09 00:51:14'),(21,NULL,'1985-12-15',21,NULL,'1980-08-16 09:16:29'),(22,NULL,'1998-10-14',22,NULL,'1999-12-14 02:48:52'),(23,NULL,'2002-12-30',23,NULL,'1991-08-01 07:17:31'),(24,NULL,'1984-11-13',24,NULL,'1989-11-04 23:50:03'),(25,NULL,'2010-10-31',25,NULL,'1985-02-16 02:22:50'),(26,NULL,'2001-03-24',26,NULL,'1976-09-09 16:59:30'),(27,NULL,'2003-10-26',27,NULL,'1972-06-07 07:39:13'),(28,NULL,'2004-12-21',28,NULL,'1999-08-23 08:19:05'),(29,NULL,'1984-12-26',29,NULL,'1998-01-14 15:05:57'),(30,NULL,'2004-08-13',30,NULL,'1973-11-03 22:45:20'),(31,NULL,'2019-05-07',31,NULL,'1977-06-28 00:27:52'),(32,NULL,'2017-07-29',32,NULL,'1990-05-07 17:22:23'),(33,NULL,'2000-05-01',33,NULL,'1976-03-28 23:13:07'),(34,NULL,'2016-04-21',34,NULL,'1993-09-17 23:48:25'),(35,NULL,'1999-02-23',35,NULL,'1994-06-16 09:34:37'),(36,NULL,'2004-09-06',36,NULL,'2017-05-09 23:21:13'),(37,NULL,'1987-08-18',37,NULL,'1983-02-22 17:21:26'),(38,NULL,'1997-10-16',38,NULL,'1983-11-29 14:17:54'),(39,NULL,'1997-05-29',39,NULL,'1989-09-28 07:12:50'),(40,NULL,'2009-08-31',40,NULL,'2005-01-22 03:20:25'),(41,NULL,'1981-10-20',41,NULL,'1992-09-16 01:15:57'),(42,NULL,'1995-07-19',42,NULL,'1990-01-17 05:54:22'),(43,NULL,'1990-01-26',43,NULL,'1978-03-17 02:26:08'),(44,NULL,'2008-12-31',44,NULL,'1985-08-06 01:50:51'),(45,NULL,'1998-08-31',45,NULL,'1970-09-12 23:50:32'),(46,NULL,'2008-11-19',46,NULL,'2009-02-28 14:24:24'),(47,NULL,'1973-02-13',47,NULL,'1976-08-21 18:31:47'),(48,NULL,'1986-07-08',48,NULL,'2010-06-12 01:06:21'),(49,NULL,'1973-04-08',49,NULL,'2015-03-16 09:04:30'),(50,NULL,'2000-08-04',50,NULL,'1987-05-02 05:42:54'),(51,NULL,'1980-12-16',51,NULL,'1998-10-17 14:11:12'),(52,NULL,'2010-07-06',52,NULL,'1985-10-07 18:19:26'),(53,NULL,'1992-09-17',53,NULL,'2003-09-29 07:00:09'),(54,NULL,'1992-02-03',54,NULL,'2002-11-25 13:24:45'),(55,NULL,'1987-07-29',55,NULL,'2004-10-18 10:31:59'),(56,NULL,'1985-03-07',56,NULL,'2019-09-19 02:01:43'),(57,NULL,'1981-08-18',57,NULL,'2016-11-18 10:22:25'),(58,NULL,'1989-02-03',58,NULL,'1983-01-30 15:16:05'),(59,NULL,'1978-05-21',59,NULL,'1993-11-17 09:06:20'),(60,NULL,'2009-03-25',60,NULL,'1978-10-11 12:36:32'),(61,NULL,'1983-09-17',61,NULL,'1985-01-24 04:46:32'),(62,NULL,'2014-07-31',62,NULL,'2014-08-27 23:11:11'),(63,NULL,'2006-09-18',63,NULL,'2001-08-10 13:36:05'),(64,NULL,'2006-03-27',64,NULL,'1971-06-09 15:58:15'),(65,NULL,'1975-06-22',65,NULL,'1988-12-05 19:49:04'),(66,NULL,'1980-08-22',66,NULL,'2002-10-04 10:13:40'),(67,NULL,'2005-12-27',67,NULL,'1972-04-11 00:14:43'),(68,NULL,'2018-03-27',68,NULL,'1994-03-31 12:51:52'),(69,NULL,'1993-09-28',69,NULL,'2017-01-24 17:27:05'),(70,NULL,'1977-09-20',70,NULL,'2019-07-11 02:12:04'),(71,NULL,'1998-05-29',71,NULL,'2006-10-22 05:44:16'),(72,NULL,'2002-05-19',72,NULL,'2003-10-28 21:22:51'),(73,NULL,'1992-03-27',73,NULL,'2001-09-12 19:32:22'),(74,NULL,'1983-05-18',74,NULL,'1992-12-14 05:36:54'),(75,NULL,'2011-11-18',75,NULL,'1982-04-08 16:20:19'),(76,NULL,'1990-06-27',76,NULL,'1983-02-08 09:14:43'),(77,NULL,'1979-07-10',77,NULL,'1985-10-24 07:01:43'),(78,NULL,'1992-09-14',78,NULL,'2004-07-27 16:56:25'),(79,NULL,'2012-03-09',79,NULL,'2014-02-04 12:02:32'),(80,NULL,'2006-06-17',80,NULL,'1980-12-05 19:49:51'),(81,NULL,'1977-09-28',81,NULL,'1978-09-12 17:09:36'),(82,NULL,'1995-06-27',82,NULL,'1989-12-11 04:10:11'),(83,NULL,'1985-03-05',83,NULL,'1994-01-14 08:25:20'),(84,NULL,'2009-08-05',84,NULL,'1998-12-11 13:49:47'),(85,NULL,'1982-05-31',85,NULL,'1984-07-05 11:40:46'),(86,NULL,'2009-08-16',86,NULL,'1998-01-26 18:50:09'),(87,NULL,'2012-06-10',87,NULL,'1982-01-06 10:00:31'),(88,NULL,'1970-05-12',88,NULL,'1993-01-17 06:24:23'),(89,NULL,'1981-01-27',89,NULL,'1993-08-14 17:48:57'),(90,NULL,'2007-04-30',90,NULL,'1993-05-02 02:44:34'),(91,NULL,'1991-08-23',91,NULL,'1989-04-01 13:06:25'),(92,NULL,'1981-07-05',92,NULL,'2004-05-06 11:33:15'),(93,NULL,'2009-04-23',93,NULL,'1979-10-23 08:42:11'),(94,NULL,'2003-12-14',94,NULL,'1994-09-12 10:31:04'),(95,NULL,'1982-10-28',95,NULL,'1997-11-10 18:50:36'),(96,NULL,'1973-09-02',96,NULL,'1995-09-29 16:45:07'),(97,NULL,'1996-08-30',97,NULL,'1973-04-12 00:41:49'),(98,NULL,'2004-10-16',98,NULL,'1974-12-27 01:13:53'),(99,NULL,'1992-01-19',99,NULL,'2008-01-20 18:11:07'),(100,NULL,'1977-07-01',100,NULL,'2008-11-09 13:24:24');
/*!40000 ALTER TABLE `profiles` ENABLE KEYS */;
UNLOCK TABLES;

--
-- Table structure for table `users`
--

DROP TABLE IF EXISTS `users`;
/*!40101 SET @saved_cs_client     = @@character_set_client */;
/*!50503 SET character_set_client = utf8mb4 */;
CREATE TABLE `users` (
  `id` bigint(20) unsigned NOT NULL AUTO_INCREMENT,
  `firstname` varchar(100) CHARACTER SET utf8 COLLATE utf8_unicode_ci DEFAULT NULL,
  `lastname` varchar(100) CHARACTER SET utf8 COLLATE utf8_unicode_ci DEFAULT NULL,
  `email` varchar(100) CHARACTER SET utf8 COLLATE utf8_unicode_ci DEFAULT NULL,
  `pass_hash` varchar(100) CHARACTER SET utf8 COLLATE utf8_unicode_ci DEFAULT NULL,
  `phone` varchar(12) CHARACTER SET utf8 COLLATE utf8_unicode_ci DEFAULT NULL,
  PRIMARY KEY (`id`),
  UNIQUE KEY `email` (`email`),
  KEY `users_phone_idx` (`phone`),
  KEY `firstname` (`firstname`,`lastname`)
) ENGINE=InnoDB AUTO_INCREMENT=101 DEFAULT CHARSET=utf8 COLLATE=utf8_unicode_ci;
/*!40101 SET character_set_client = @saved_cs_client */;

--
-- Dumping data for table `users`
--

LOCK TABLES `users` WRITE;
/*!40000 ALTER TABLE `users` DISABLE KEYS */;
INSERT INTO `users` VALUES (1,'Daisy','Rath','abbey58@example.net','34c0e0a074b9e55dcfde10501adac9fe14825f8c','1-323-895-67'),(2,'Mohammed','Erdman','josie.lueilwitz@example.com','80a901d666aa66c10f68e45bdb493d6333b10e20','019.809.0504'),(3,'Gerry','Gulgowski','rolfson.bertram@example.com','12c1f7ff707057247de317d9b3f53e9fc56c82da','340.307.1475'),(4,'Viola','Feil','kris.princess@example.org','7589d68d12c7b0fbc1111160a1e6ad18fbb079fa','510.385.1216'),(5,'Ike','Rolfson','schaefer.josiah@example.org','2538318875d1f454087f7fc9844c126f8d2e3228','225.166.1259'),(6,'Demario','Cormier','snienow@example.com','7a591870734ca3cd9e95de46e50a5fdad31324cf','1-658-364-57'),(7,'Arthur','Schuster','turner.eduardo@example.org','6cb3f7f0a28cdefd995018197a63b7066c365c17','1-265-714-17'),(8,'Dylan','Schimmel','shields.adele@example.net','5a5f600941d8c86c490c5568f69d8f2e7f3a64f7','896.624.7802'),(9,'Clemmie','Treutel','damon36@example.net','e190682a557a4731d8d8550e6206e518e6b942fd','1-027-184-57'),(10,'Cooper','Gorczany','dooley.alejandra@example.net','5abacb7585c9309271bd461e0b2e51c0bf8ee896','913.655.5714'),(11,'Pietro','Moen','kylie.fadel@example.org','69c16b9c16749855334235cf4f92755e2f40d63b','(001)472-820'),(12,'Julian','Kunde','carlee.hills@example.com','71225160ca1d59d2229423fe49c532e6658f5a41','410.032.2669'),(13,'Eino','Lemke','earlene.bosco@example.org','4a90a2cb3530621959d6858b027fd1d1f2839d2e','(596)978-486'),(14,'Kathryne','Jaskolski','kirlin.euna@example.org','e1937f4d34a79b46def55ee1555f413697fb66c2','(465)816-798'),(15,'Kelly','Macejkovic','lew85@example.org','6c0fb526256a7bec6d901ca9d1e795110b361fec','(532)956-872'),(16,'Mason','Weissnat','quinten.steuber@example.net','af2dd8eb791a54720dda8a94346b32397d4425d5','1-601-910-68'),(17,'Bethel','Ferry','ryder32@example.org','c9d5e207a74a55bbc4ecdc2accd553be61fc0c1d','263-979-8153'),(18,'Neoma','Reinger','pkoss@example.com','46366e076cb0e8b6be2d6bd7891df28428b08982','068.495.2241'),(19,'Gayle','O\'Hara','keegan.padberg@example.net','e2ef59b77a49fdf5ab99104b5273ee8e49d76aa7','1-857-522-39'),(20,'Fiona','Little','vmosciski@example.com','3255e5fbf87f6fa23fc5cf3095b749abae456564','088-597-1937'),(21,'Francis','Von','ebalistreri@example.net','0504fb0a1716fa32f43633e9b4af7bc502ca5cc2','123.726.5030'),(22,'Otto','Pfeffer','ybecker@example.com','e79215f5ced761bed736b5ad2b72ed2cbb08e965','+10(0)853522'),(23,'Keyshawn','Roob','merlin.spencer@example.org','f814d2e02195702b2fd053330c63bde32be3229c','986-942-5504'),(24,'Don','Koss','alison.harber@example.net','b1213fa548508eb0f6e99bbd0f91aad7262385cc','557-144-9021'),(25,'Mireya','Keeling','krajcik.arvilla@example.net','815bc07151f9818b3b6888be63fbb381e1b69e69','1-408-732-63'),(26,'Karlee','Becker','weston89@example.org','57861c1dab3a501292cab48caa249fc95154e4b9','1-878-516-24'),(27,'Alexys','Douglas','summer.blanda@example.org','4a3d4ec960bd2e0034ecb010ace644f7a71e8f41','1-682-939-50'),(28,'Jaclyn','Ebert','lueilwitz.cindy@example.org','762abc989a426e3480cfc937cdc80affa595574f','(356)519-794'),(29,'Sigrid','Franecki','zoey.herzog@example.com','0890a9394ba9228fcef4d0e36fc450141b45a0e8','1-218-060-29'),(30,'Jefferey','Robel','veum.harold@example.net','68e65063aaf1344a3bddd555c13e36330e6ba2e2','1-419-098-87'),(31,'Myles','Davis','elissa.carroll@example.net','d61f41cc00668e69e4967ca63102c49295ef78c5','(055)152-133'),(32,'Jerad','Ferry','rubye.kozey@example.net','8d9dab27aa61fefaed93ab22528f969d0ca8cb89','(782)856-502'),(33,'Joyce','Buckridge','berge.casper@example.net','c3e2f152db4175018fdb2ebd6041cb7e4f7b07e0','310-176-1727'),(34,'Jesus','Boyer','linnea20@example.org','4aaa7edb2e6b3681db6c603c07666cccff0490ca','(919)392-007'),(35,'Santina','Weber','jarvis28@example.com','6e08248505377557e21c6adc9f6db3fb9d7521fb','242-425-8745'),(36,'Justen','Hermiston','haley.mallory@example.com','7a525b8eec349e819c92b9139eb7a3c52cd1de73','+09(8)564555'),(37,'Sallie','Okuneva','dina.altenwerth@example.com','ab4f0b15d2f8eb545ebbde13855b92295164dfcc','(425)173-684'),(38,'Elmer','Rohan','justyn.considine@example.org','d5f7ad35c8653a5a940b450d7edde6318ab8f551','(508)166-367'),(39,'Emil','Oberbrunner','richie.shields@example.net','9effb93ce641d209b347afa931ccc45fe3ad3588','1-064-958-83'),(40,'Hanna','McClure','wpredovic@example.com','be4e77a5aa172f984b1fc5dab3fc299ff043442a','951-764-1884'),(41,'Herbert','Steuber','ddeckow@example.com','c518ab34d0c381aa1287a8bef7d81e0d54d2ff94','03422989657'),(42,'Hershel','McClure','danial.swaniawski@example.net','e03c1a6274c49ac65019de1747f67713969c6792','05736320448'),(43,'Gabe','Goldner','wintheiser.vivian@example.com','72ad5b4b6c04c94b76c6b6152ceee65b7ad50b5d','(791)017-942'),(44,'Bennie','Spencer','talia04@example.net','75bb830e4957c85e2c2ebeb283ee834cdd77ef1e','035.739.3559'),(45,'Velva','Kohler','richmond.price@example.com','7610fe66b3c414e84ac6fbfb94c41887ad09f583','+75(6)996306'),(46,'Leann','Steuber','brooks.hartmann@example.net','8512edc22080dcd060c6723a629bcd8112f3ff82','1-363-576-33'),(47,'Grant','Schneider','aimee16@example.org','6d91721d358ee745f3fff46bf4c7da589b45b1a6','(303)534-462'),(48,'Verla','Renner','camila22@example.com','ab38a0f299f416d0f6d7020b66af866519203d93','689.350.5016'),(49,'Lurline','Cole','jswaniawski@example.com','24c14c24b813baf999c1c3eace423c72165451b6','1-319-725-83'),(50,'Leonora','Wyman','rene28@example.org','e0adb2cfef4c355ef82fd65a0e3d1ee378663614','431-891-1807'),(51,'Enrique','Stanton','korbin.grady@example.org','b043d338d01d5882f28bdd214e2e348c6acc584f','402-605-5615'),(52,'Josue','Kunde','glover.delaney@example.net','7f152a745e5d2f436a1151a5ca92e9b5ecf7ad8c','200.525.7872'),(53,'Arvel','Purdy','fern31@example.com','dad35ed523623b2143bf7ca74ef6e2d1c5a67418','+76(5)118706'),(54,'Makayla','Dietrich','margarett.weissnat@example.net','3e3c97bf7c0d0044b8ded630596a2f598dbdbdf4','1-058-930-10'),(55,'Ashly','Hammes','xtorp@example.org','d8202b66eb6d65d35944a9e57c8f4bb2c861a925','616-080-9568'),(56,'Jazmyn','Grimes','crona.melyna@example.com','f4cee8c0bb981e9ae1fad141f31a03aee75826a0','726.057.4284'),(57,'Rosalinda','Dicki','mae81@example.com','34032775756e858e14be33dfe1f058a9889850a5','1-905-898-87'),(58,'Travon','Muller','kylee33@example.net','1846320e1c8d8bfd7658c2010153d0a254ac73e4','1-317-133-76'),(59,'Leilani','Bosco','becker.shyann@example.org','98d4657f019bed9fbf46af257fb1de8264933b66','389-322-2853'),(60,'Raegan','Boyer','zelma.kovacek@example.org','bb71ab5339e3f4379481d6c279969908e745c88a','416.046.7257'),(61,'Ozella','Sporer','ardith.sanford@example.com','2c5b96690549fdb23ad733bb802638020fc7b021','07292411383'),(62,'Albin','Halvorson','zkeebler@example.org','b348e42e50323d560045daa58779a2cbe1e360c4','773.443.1725'),(63,'Matt','Jacobson','hickle.susana@example.net','8eb82d286e668adc86e99b668a2e9985216fbdcd','1-567-395-53'),(64,'Merritt','Durgan','zemlak.monserrate@example.org','4a384d00a6836b2bc71a4b532769f412c9ea536f','09141798148'),(65,'Eulah','Parisian','writchie@example.com','cdc1745944bce0b45269e1a11d76e9bf04b65733','1-645-905-24'),(66,'Brenda','Champlin','dangelo.pfeffer@example.net','3cba4d8179a55c4aecbb459ead32bc29c54d1817','810-058-5853'),(67,'Ada','Rolfson','keagan.lesch@example.org','78a3979732da01c8377326733f604bcf14aa5417','(549)705-744'),(68,'Raphaelle','Jones','hilbert98@example.com','b5c9c0120180d80cbc2996767993c6fc3e96d157','824.074.3649'),(69,'Rickey','Donnelly','shanahan.abigail@example.org','32373d5221d48578d53d8d9be219a99395a989db','1-477-726-89'),(70,'Peter','Durgan','darron.satterfield@example.org','38df39b29389b506c21d3ebcf192aacc19d87719','231.175.2442'),(71,'Kayli','Predovic','flatley.luther@example.net','a07bb1868d73d1c4621aad5281bf94d25cc23258','(482)375-620'),(72,'Elwyn','Gorczany','little.nella@example.org','c2dd5d0e6287fd5fd10c52c47cb75612ba088e0b','867-895-9961'),(73,'Joey','Weber','elliot.dach@example.net','a92c0aac9c2288622e1dfab8b83cf05ca7705bd3','1-977-575-78'),(74,'Gerry','Gottlieb','treutel.kris@example.com','071409f8182f4d27f468f0ddcd8365f7cdfaf1d4','(738)427-107'),(75,'Kaylah','Romaguera','mccullough.reid@example.org','83a3b7e5c6abfa63cc2fe808767ca92fb363c824','+51(7)248817'),(76,'Max','Kuhlman','keeling.mozelle@example.org','005a6e70eb9428b4708c4decd435436c883d2ebe','293.132.0777'),(77,'Nicklaus','Zemlak','allene.connelly@example.net','03694893513f4b76054d34a3f18a47cc24251faf','950-203-1902'),(78,'Sasha','Rutherford','kemmerich@example.net','7d55713ca63bb81b5f744a2e87ef69c0eb19359c','(312)474-229'),(79,'Deion','Thiel','schuyler89@example.com','d1e59ead5a507ac20ccea75e7c6682f9b06065e0','826.588.0911'),(80,'Jaylen','Jakubowski','abagail04@example.com','beaa49e2f69d11b71c62d9c46ba4258eaf5ed6c7','741.622.8198'),(81,'Haskell','Kerluke','swift.caleigh@example.com','d2cf8683caeb42b7bcd3f139957c46a602717560','192.891.5696'),(82,'Destinee','Beatty','erik.kuhn@example.net','07a82f7c67849aafdac931e518a28343695244c3','1-260-829-28'),(83,'Derick','Homenick','karlee.gleichner@example.com','08ae60f193f80474db682bb1b7303b5ca85a29b4','1-826-529-67'),(84,'Nora','Green','willis.effertz@example.net','d620637b202b1316262fac61d7f649e3d6491854','627-860-9851'),(85,'Jazmyne','King','deontae.mitchell@example.org','072d6c14e4dd6c80fe2ea891d214c2c3492b684e','484-522-6644'),(86,'Dulce','Greenholt','loraine.donnelly@example.org','6f18dd2e1d858abc26a0a668fc986770f195beab','(794)470-874'),(87,'Muriel','Batz','dokuneva@example.com','5c2d36cdc551f7aaa18a29aca3c44306bec884c4','(370)204-188'),(88,'Kavon','Johnston','lfeeney@example.net','fa228619530e48642828db1203ea21c3ae3139e3','012-172-1462'),(89,'Michele','Kassulke','mann.adolphus@example.net','5125587f4613b7ff56dfee4396e77ce30c68fd0c','(934)050-995'),(90,'Stella','Sporer','maria09@example.net','07e91c5ca8d821c81236466feaa24f8d917a25b2','347.749.4798'),(91,'Annamarie','Luettgen','elian.pouros@example.net','03ca308d83262e8c015eeca47eb4369f2e31f9cd','(696)255-265'),(92,'Ayden','Legros','consuelo96@example.com','abd4fc86321bb913061ef37bcc7499d79d693bc8','1-244-107-73'),(93,'Hiram','O\'Conner','dallin35@example.net','cbf1fdfbbb8be6676a49bb812ecf5160fc14efe0','065.019.9280'),(94,'Larue','Nitzsche','estella.gutmann@example.com','ccdf8f125a6286f930a297db8aabd356cf520982','1-465-919-93'),(95,'Briana','Bednar','legros.sarai@example.net','ae67b754cd1093cd35d13f661634e80d76ffa493','939-458-3594'),(96,'Mathias','Rogahn','daren44@example.com','41a3d7344a5df9c1bf8f6aa2cd602615f74a77e1','605-806-2454'),(97,'Arlie','Armstrong','alba.rath@example.org','2ada50c7919d4d7ac22802f008e97466036dda1d','(673)290-296'),(98,'Emmalee','Aufderhar','icassin@example.net','e21488f045e2442a925ffa13b02fd2ef4629aa02','222.302.4290'),(99,'Addie','Carroll','vnikolaus@example.com','5562023c8f54211d2389ad62ea4f190c5de73f0a','817.130.2630'),(100,'Tiffany','Friesen','llewellyn.okuneva@example.net','69129995e1894c8df09e7a5aeffcf58fceae55ec','1-849-655-62');
/*!40000 ALTER TABLE `users` ENABLE KEYS */;
UNLOCK TABLES;

--
-- Table structure for table `users_communities`
--

DROP TABLE IF EXISTS `users_communities`;
/*!40101 SET @saved_cs_client     = @@character_set_client */;
/*!50503 SET character_set_client = utf8mb4 */;
CREATE TABLE `users_communities` (
  `user_id` bigint(20) unsigned NOT NULL,
  `community_id` bigint(20) unsigned NOT NULL,
  PRIMARY KEY (`user_id`,`community_id`),
  KEY `community_id` (`community_id`),
  CONSTRAINT `users_communities_ibfk_1` FOREIGN KEY (`user_id`) REFERENCES `users` (`id`),
  CONSTRAINT `users_communities_ibfk_2` FOREIGN KEY (`community_id`) REFERENCES `communities` (`id`)
) ENGINE=InnoDB DEFAULT CHARSET=utf8 COLLATE=utf8_unicode_ci;
/*!40101 SET character_set_client = @saved_cs_client */;

--
-- Dumping data for table `users_communities`
--

LOCK TABLES `users_communities` WRITE;
/*!40000 ALTER TABLE `users_communities` DISABLE KEYS */;
INSERT INTO `users_communities` VALUES (1,1),(2,2),(3,3),(4,4),(5,5),(6,6),(7,7),(8,8),(9,9),(10,10),(11,11),(12,12),(13,13),(14,14),(15,15),(16,16),(17,17),(18,18),(19,19),(20,20),(21,21),(22,22),(23,23),(24,24),(25,25),(26,26),(27,27),(28,28),(29,29),(30,30),(31,31),(32,32),(33,33),(34,34),(35,35),(36,36),(37,37),(38,38),(39,39),(40,40),(41,41),(42,42),(43,43),(44,44),(45,45),(46,46),(47,47),(48,48),(49,49),(50,50),(51,51),(52,52),(53,53),(54,54),(55,55),(56,56),(57,57),(58,58),(59,59),(60,60),(61,61),(62,62),(63,63),(64,64),(65,65),(66,66),(67,67),(68,68),(69,69),(70,70),(71,71),(72,72),(73,73),(74,74),(75,75),(76,76),(77,77),(78,78),(79,79),(80,80),(81,81),(82,82),(83,83),(84,84),(85,85),(86,86),(87,87),(88,88),(89,89),(90,90),(91,91),(92,92),(93,93),(94,94),(95,95),(96,96),(97,97),(98,98),(99,99),(100,100);
/*!40000 ALTER TABLE `users_communities` ENABLE KEYS */;
UNLOCK TABLES;
/*!40103 SET TIME_ZONE=@OLD_TIME_ZONE */;

/*!40101 SET SQL_MODE=@OLD_SQL_MODE */;
/*!40014 SET FOREIGN_KEY_CHECKS=@OLD_FOREIGN_KEY_CHECKS */;
/*!40014 SET UNIQUE_CHECKS=@OLD_UNIQUE_CHECKS */;
/*!40101 SET CHARACTER_SET_CLIENT=@OLD_CHARACTER_SET_CLIENT */;
/*!40101 SET CHARACTER_SET_RESULTS=@OLD_CHARACTER_SET_RESULTS */;
/*!40101 SET COLLATION_CONNECTION=@OLD_COLLATION_CONNECTION */;
/*!40111 SET SQL_NOTES=@OLD_SQL_NOTES */;

-- Dump completed on 2019-11-15  0:08:47
